title,subTitle,desc,primaryLocation,secondaryLocation,startHour,duration
Zoolab,Taite Woolfall,odio elementum eu interdum eu tincidunt in,L,236,12,2
Daltfresh,Michelle Gorner,vivamus vestibulum sagittis sapien cum,L,282,9,1
Gembucket,Dar Filer,faucibus orci luctus et ultrices,N,225,10,4
Aerified,Leigha Buckam,enim lorem ipsum dolor sit amet consectetuer adipiscing elit,N,275,10,2
Zontrax,Lorilyn Reardon,orci nullam molestie nibh in,N,252,9,1
Alphazap,Minni Managh,mauris eget massa tempor convallis nulla neque libero,L,285,11,2
It,Patricio MacGhee,sagittis dui vel nisl duis ac nibh fusce,N,200,13,4
Holdlamis,Lorine Tutt,ipsum praesent blandit lacinia erat,N,125,13,1
Veribet,Chico Curee,sit amet sapien dignissim vestibulum vestibulum ante ipsum primis in,L,152,9,2
Temp,Hyman Harmon,a odio in hac habitasse platea dictumst maecenas,N,221,12,2
Cookley,Farlee Enbury,mi integer ac neque duis bibendum morbi,L,185,11,1
Duobam,Gabriela Bissett,etiam justo etiam pretium iaculis justo in hac,N,130,11,2
Home Ing,Rosamond Reims,sapien varius ut blandit non interdum in ante vestibulum ante,N,300,10,1
Redhold,Andree Pickthall,dolor vel est donec odio,L,165,13,2
Zoolab,Thedric Dunstone,aliquet pulvinar sed nisl nunc rhoncus,N,276,11,4
Wrapsafe,Jayson Muckian,imperdiet sapien urna pretium nisl ut volutpat sapien arcu sed,N,148,12,2
Quo Lux,Artair Watling,nec molestie sed justo pellentesque viverra pede ac diam cras,N,143,10,2
Zontrax,Kathy Blackeby,dolor morbi vel lectus in quam,N,173,8,3
Overhold,Cahra Ticic,in lectus pellentesque at nulla suspendisse potenti cras in,N,178,11,2
Fixflex,Ambros Alliott,eget tincidunt eget tempus vel pede morbi porttitor,L,130,8,2
Flowdesk,Catriona Vere,primis in faucibus orci luctus et,L,266,8,3
Bytecard,Nickie Klassmann,donec dapibus duis at velit eu est congue,L,160,10,4
Bitwolf,Rosemarie Sire,pede justo lacinia eget tincidunt eget tempus vel pede morbi,L,267,10,2
Latlux,Shelley Driscoll,commodo placerat praesent blandit nam nulla integer pede justo lacinia,N,206,12,3
Kanlam,Deanne Cawthorn,platea dictumst maecenas ut massa,N,120,11,2
Job,Gavan Blumsom,sed augue aliquam erat volutpat in congue etiam justo,N,141,11,4
Voyatouch,Celesta Gaither,adipiscing lorem vitae mattis nibh ligula,L,219,12,1
Voyatouch,Tedman Cattanach,quis turpis sed ante vivamus tortor duis mattis egestas,L,237,10,2
Tres-Zap,Harrietta Hardwell,eget nunc donec quis orci eget orci vehicula,L,104,12,1
Kanlam,Jenelle Norvell,quis orci eget orci vehicula condimentum curabitur in,N,125,12,3
Treeflex,Shay Blackbrough,proin at turpis a pede,L,101,11,3
Hatity,Gillie Boig,sit amet diam in magna bibendum imperdiet nullam orci pede,L,126,12,1
Regrant,Rawley Bowerbank,parturient montes nascetur ridiculus mus,N,102,12,2
Bitwolf,Kipp Jotham,vel nulla eget eros elementum pellentesque quisque porta volutpat,N,284,10,4
Transcof,Robers Mollitt,augue luctus tincidunt nulla mollis molestie lorem quisque ut,N,262,13,4
Veribet,Newton Kincey,vestibulum sit amet cursus id turpis integer aliquet,L,192,10,4
Lotlux,Lucais Dockreay,erat eros viverra eget congue eget,L,213,11,1
Tempsoft,Bevin Hoggan,ut ultrices vel augue vestibulum ante ipsum primis in faucibus,L,150,12,3
Ventosanzap,Sophia Bedenham,est risus auctor sed tristique in,L,213,13,2
Konklux,Gregorio Alishoner,in tempus sit amet sem,N,204,10,2
Sub-Ex,Salvatore McFaell,luctus cum sociis natoque penatibus et magnis dis,N,230,10,4
Y-find,Celie Aberdalgy,elementum in hac habitasse platea dictumst morbi,L,301,8,3
Span,Weylin Melliard,elementum nullam varius nulla facilisi cras non velit,N,233,12,1
Duobam,Ignace Beminster,sollicitudin mi sit amet lobortis sapien sapien non,N,228,11,3
Veribet,Carolus Pape,ut erat curabitur gravida nisi at nibh in hac habitasse,L,127,13,2
Domainer,Maisey Hawkridge,sapien cum sociis natoque penatibus et magnis dis parturient,L,226,9,2
Daltfresh,Goldia Snary,neque duis bibendum morbi non quam nec dui luctus rutrum,N,309,8,4
Kanlam,Rhonda Larchier,interdum in ante vestibulum ante,N,306,8,3
Fix San,Gabrielle Eliyahu,eget elit sodales scelerisque mauris sit amet,L,162,9,4
Lotlux,Haley Ellesworth,accumsan tellus nisi eu orci mauris,L,214,11,4
Tres-Zap,Maggee Muzzollo,ante vivamus tortor duis mattis egestas metus aenean fermentum donec,L,151,8,4
Job,Marnie Worlock,integer ac neque duis bibendum morbi non,N,226,10,2
Home Ing,Cassy Nast,et eros vestibulum ac est lacinia nisi venenatis tristique,N,283,12,3
Lotstring,Olivie Aldgate,pede malesuada in imperdiet et commodo,L,120,13,1
Vagram,Kiah Sallery,ipsum dolor sit amet consectetuer,L,217,9,2
Voyatouch,Esmaria Gason,cursus urna ut tellus nulla,N,108,9,3
Greenlam,Vachel Crollman,sapien arcu sed augue aliquam erat volutpat,N,295,9,4
Greenlam,Cully Pinilla,lorem ipsum dolor sit amet,L,233,11,1
Vagram,Malvina Coldwell,habitasse platea dictumst morbi vestibulum velit id pretium iaculis diam,N,197,9,3
Regrant,Elenore Tomlins,luctus ultricies eu nibh quisque id justo sit amet sapien,L,238,10,1
Greenlam,Nicky Ingliss,auctor sed tristique in tempus sit amet sem fusce consequat,L,157,10,1
Konklab,Jessamine Malden,tempor convallis nulla neque libero,L,129,13,2
Zathin,Tisha Jiranek,erat fermentum justo nec condimentum neque sapien placerat,N,221,8,4
Hatity,Nixie Brech,cubilia curae nulla dapibus dolor,L,139,12,4
Zaam-Dox,Salomi Whitecross,fusce congue diam id ornare imperdiet,N,305,10,1
Voyatouch,Nita Jzhakov,sem praesent id massa id nisl,N,287,8,1
Otcom,Park Youson,a ipsum integer a nibh in quis justo maecenas,N,216,13,3
Stim,Cazzie Glassup,felis ut at dolor quis,N,304,13,1
Cardify,Ransom Guiton,dapibus duis at velit eu,L,118,13,2
It,Myrtia Oaks,faucibus orci luctus et ultrices posuere cubilia curae,L,224,12,1
Temp,Ermin Wims,convallis morbi odio odio elementum,L,212,11,1
Konklab,Ruttger Ludman,integer tincidunt ante vel ipsum praesent blandit lacinia erat vestibulum,N,208,11,4
Alphazap,Goldia Obeney,ipsum dolor sit amet consectetuer,N,136,9,4
Y-Solowarm,Mose Caro,nunc commodo placerat praesent blandit nam nulla integer pede,N,260,13,2
Stronghold,Lindi Letford,porta volutpat quam pede lobortis ligula sit amet eleifend pede,N,242,8,3
Cardify,Dulce Hellwich,a suscipit nulla elit ac nulla sed vel,L,213,8,4
Stringtough,Dianna Vinson,sapien iaculis congue vivamus metus arcu adipiscing molestie,L,122,11,3
Alpha,Benni Lavallie,orci pede venenatis non sodales sed tincidunt eu,L,185,10,4
Fixflex,Maddie Stobbes,suscipit a feugiat et eros vestibulum ac est lacinia nisi,L,200,11,3
Fixflex,Wilhelmine Suttie,semper porta volutpat quam pede lobortis ligula sit amet,L,301,13,4
Kanlam,Demetra Powis,purus aliquet at feugiat non,L,115,11,1
Span,Katti Longstreeth,sit amet diam in magna bibendum imperdiet nullam orci,L,269,8,2
Flexidy,Charlene Goldsberry,nisi nam ultrices libero non mattis,L,185,11,3
Alphazap,Tessi MacPake,risus dapibus augue vel accumsan tellus nisi eu,L,187,13,1
Vagram,Jessy Echalier,velit eu est congue elementum in hac habitasse platea dictumst,L,285,10,1
Job,Melva Little,lorem ipsum dolor sit amet consectetuer,L,225,9,2
Bamity,Juliann Clarage,tellus nisi eu orci mauris lacinia sapien quis,L,136,8,1
Span,Thomasine Napolione,pellentesque ultrices phasellus id sapien in sapien iaculis congue vivamus,N,191,9,1
Stronghold,Bastian Brownsall,ipsum primis in faucibus orci,L,151,8,3
Stim,Inga MacEnelly,quis justo maecenas rhoncus aliquam lacus morbi,N,173,10,1
Zontrax,Willis Denzilow,fusce consequat nulla nisl nunc nisl duis bibendum,L,115,11,2
Holdlamis,Dugald Russi,lobortis ligula sit amet eleifend pede,L,305,13,4
Zontrax,Norene Outlaw,sociis natoque penatibus et magnis dis parturient montes,L,297,11,3
Zontrax,Barnie Medland,rhoncus dui vel sem sed sagittis nam congue risus semper,L,237,9,3
Trippledex,Odelle Giacomelli,nisi nam ultrices libero non mattis pulvinar nulla pede,L,250,11,3
Asoka,Vina Harries,fusce posuere felis sed lacus morbi sem mauris laoreet,L,267,12,1
Home Ing,Tillie Nekrews,justo lacinia eget tincidunt eget tempus vel pede morbi porttitor,L,188,8,3
Bitwolf,Mona Pritchitt,egestas metus aenean fermentum donec ut mauris,N,181,13,2
Toughjoyfax,Ammamaria Pierton,penatibus et magnis dis parturient montes nascetur ridiculus mus,N,161,8,2
Duobam,Jenny Heigl,praesent blandit lacinia erat vestibulum sed magna at nunc commodo,L,223,8,2
Sonair,Conny Cushion,amet turpis elementum ligula vehicula consequat,L,125,10,1
Namfix,Carena Crowch,accumsan felis ut at dolor quis odio consequat varius integer,N,113,8,3
Tin,Sharla MacSkeaghan,est phasellus sit amet erat nulla tempus vivamus in,L,130,10,2
Alpha,Bernard Darth,vivamus metus arcu adipiscing molestie hendrerit at vulputate vitae nisl,N,180,9,3
Konklab,Melloney Hardstaff,est risus auctor sed tristique in tempus sit amet sem,N,121,11,2
Treeflex,Joellen Blind,in faucibus orci luctus et ultrices,N,167,10,1
Wrapsafe,Madelyn Blythin,lacus purus aliquet at feugiat non pretium,N,184,9,4
Matsoft,Barbabas Mackstead,turpis eget elit sodales scelerisque mauris sit amet eros,L,238,11,1
Quo Lux,Bonny Stuchbery,nam congue risus semper porta volutpat,L,261,13,4
Bamity,Halie Cason,eu orci mauris lacinia sapien,N,144,12,3
Toughjoyfax,Vic Putton,nulla sed vel enim sit amet nunc viverra dapibus,L,274,13,3
Konklab,Donielle Cubin,vulputate elementum nullam varius nulla facilisi cras non velit nec,L,258,12,1
Kanlam,Anne-marie Yantsurev,in faucibus orci luctus et ultrices posuere cubilia curae,L,166,13,4
Tin,Lea Tropman,nulla sed accumsan felis ut at dolor quis,L,120,8,3
Zontrax,Kassandra Revie,erat id mauris vulputate elementum nullam,L,296,8,4
Ronstring,Lorant Harefoot,eu tincidunt in leo maecenas pulvinar lobortis est,L,280,11,1
Andalax,Waldo Moretto,turpis integer aliquet massa id lobortis convallis tortor,N,133,12,4
Vagram,Kizzie Cranke,semper interdum mauris ullamcorper purus sit amet nulla,N,110,11,4
Sonsing,Crin Aubry,augue aliquam erat volutpat in congue etiam,L,214,13,3
Cookley,Edeline Cloutt,auctor gravida sem praesent id,N,261,13,4
Tempsoft,Terese Jollie,facilisi cras non velit nec nisi,L,216,11,3
Bytecard,Darlene Keppy,donec posuere metus vitae ipsum,N,147,9,1
Gembucket,Corny Serraillier,felis eu sapien cursus vestibulum proin eu mi nulla ac,N,286,10,1
Stim,Fergus Rispin,non velit nec nisi vulputate nonummy maecenas tincidunt lacus,L,306,8,3
Treeflex,Nonnah Willmot,eu orci mauris lacinia sapien quis libero nullam sit amet,L,124,8,3
Pannier,Nevin Morad,vitae nisl aenean lectus pellentesque eget nunc donec quis,N,146,9,1
Duobam,Aurea Fawdrie,in hac habitasse platea dictumst aliquam augue,L,217,12,3
Zaam-Dox,Elisabeth Sifflett,nulla sed vel enim sit amet nunc viverra dapibus,L,296,13,4
Otcom,Kamila Josilevich,ut odio cras mi pede malesuada in imperdiet et commodo,L,151,12,4
Y-Solowarm,Isaac Standring,aenean fermentum donec ut mauris eget massa,L,179,8,4
Andalax,Aurelia Levett,dictumst maecenas ut massa quis,L,127,8,1
Tres-Zap,Maud Whawell,ligula sit amet eleifend pede libero quis orci,L,126,12,1
Tampflex,Marthena Delacroux,vestibulum sed magna at nunc commodo,N,168,9,2
Holdlamis,Grayce Murrell,sed interdum venenatis turpis enim blandit mi,N,270,13,3
Voltsillam,Gray Kitney,bibendum felis sed interdum venenatis turpis enim blandit mi,N,297,12,2
Cardguard,Ardis Caban,odio cras mi pede malesuada in imperdiet et,N,252,11,3
Ronstring,Lindi Figliovanni,eleifend pede libero quis orci nullam,N,212,10,1
Prodder,Mair Cockings,justo sollicitudin ut suscipit a,N,127,11,1
Biodex,Nefen Trice,vehicula condimentum curabitur in libero ut massa volutpat,N,242,10,1
Alpha,Reamonn Karpe,elementum ligula vehicula consequat morbi,L,301,11,3
Matsoft,Elwood Battlestone,molestie hendrerit at vulputate vitae nisl aenean lectus,L,154,11,2
Solarbreeze,Tedman Melloy,et tempus semper est quam pharetra magna ac,N,181,13,3
Cookley,Salaidh Vickerman,tincidunt ante vel ipsum praesent blandit lacinia,L,152,8,3
Latlux,Matthus Goldhill,hac habitasse platea dictumst aliquam augue,N,139,10,4
Prodder,Jervis Cosstick,ac enim in tempor turpis nec euismod scelerisque quam,L,267,8,2
Duobam,Hermy Wathell,felis sed interdum venenatis turpis enim,L,297,11,1
Duobam,Ignacius Hadye,at diam nam tristique tortor eu pede,N,135,13,3
Redhold,Brier Taleworth,dolor sit amet consectetuer adipiscing elit proin risus,L,119,9,1
Tampflex,Katee Measures,ac tellus semper interdum mauris ullamcorper purus sit amet,L,199,12,1
Overhold,Gino Frankcomb,tincidunt eget tempus vel pede morbi porttitor,N,241,13,1
Bytecard,Doro Maudling,montes nascetur ridiculus mus vivamus vestibulum sagittis,N,146,8,1
Andalax,Josey Hilldrop,arcu libero rutrum ac lobortis vel dapibus at diam,N,212,11,4
Rank,Nico Rispen,primis in faucibus orci luctus et ultrices posuere,L,211,13,3
It,Tarah Kendrew,quis libero nullam sit amet turpis elementum ligula vehicula consequat,L,196,12,3
Solarbreeze,Benji Scholtis,imperdiet sapien urna pretium nisl ut volutpat sapien arcu,N,198,10,4
Ronstring,Rooney Bowser,lorem quisque ut erat curabitur gravida nisi,N,151,12,2
Tampflex,Hollyanne Sandwith,platea dictumst maecenas ut massa,N,191,13,2
Kanlam,Corine Penvarden,massa id nisl venenatis lacinia,N,170,9,4
Span,Rodger Maltster,magnis dis parturient montes nascetur ridiculus mus etiam,L,180,9,3
Bitwolf,Jard Cumo,aliquam erat volutpat in congue etiam justo etiam,N,102,9,2
Hatity,Cam Wigsell,tellus semper interdum mauris ullamcorper purus sit amet,L,272,11,1
Trippledex,Cosme Leere,morbi porttitor lorem id ligula suspendisse ornare,N,238,12,1
Ventosanzap,Janeva Kharchinski,felis ut at dolor quis,N,178,10,4
Opela,Hans Christmas,pellentesque viverra pede ac diam cras pellentesque volutpat dui,N,183,9,2
Fintone,Orville Cogar,eget vulputate ut ultrices vel augue vestibulum ante ipsum primis,L,121,12,4
Ventosanzap,Nefen McNaughton,ultrices posuere cubilia curae nulla dapibus dolor,N,104,8,2
Transcof,Rosco Kelleher,velit nec nisi vulputate nonummy maecenas,L,264,13,1
Transcof,Reube Greenway,platea dictumst maecenas ut massa quis augue luctus tincidunt nulla,N,211,13,3
Stronghold,Mose Bollon,a feugiat et eros vestibulum,N,146,12,1
Bitchip,Rudie Leveridge,et ultrices posuere cubilia curae duis,N,232,11,1
Prodder,Frazer Ayling,donec semper sapien a libero nam dui proin leo,N,224,9,3
Greenlam,Desmund Viles,tellus in sagittis dui vel nisl duis,N,233,12,3
Bytecard,Chane Liebmann,id massa id nisl venenatis lacinia aenean sit amet,L,175,9,2
Namfix,Pincas Kanzler,pellentesque quisque porta volutpat erat quisque erat eros viverra,N,106,13,3
Daltfresh,Dylan Ettery,metus aenean fermentum donec ut,N,208,11,2
Keylex,Willette Piddlehinton,eget tempus vel pede morbi porttitor lorem,L,224,9,4
Konklux,Tamara Feldbau,maecenas tincidunt lacus at velit vivamus,N,310,13,3
Latlux,Bobinette Gottschalk,odio consequat varius integer ac leo pellentesque,L,110,9,2
Zoolab,Sharlene Dick,dapibus nulla suscipit ligula in lacus,L,262,12,4
Fixflex,Kaiser Cusick,lobortis sapien sapien non mi integer ac,L,125,12,3
Duobam,Thalia Hodjetts,lacus morbi sem mauris laoreet ut rhoncus aliquet,L,269,8,2
Trippledex,Myrah Kilpin,ac leo pellentesque ultrices mattis odio donec vitae nisi nam,L,204,13,3
Job,Margarette Preskett,congue diam id ornare imperdiet sapien urna,N,199,10,1
Daltfresh,Idette Simoncello,volutpat in congue etiam justo etiam pretium iaculis justo in,N,178,12,3
Cookley,Aeriela Wallace,ac neque duis bibendum morbi non,N,190,8,3
Sub-Ex,Silvanus Zoephel,aliquam convallis nunc proin at turpis,L,165,10,1
Transcof,Didi Mogey,id ornare imperdiet sapien urna pretium,N,144,10,1
Treeflex,Torey Zeal,massa donec dapibus duis at,L,295,10,4
Ronstring,Prue Toffts,pede morbi porttitor lorem id ligula suspendisse ornare consequat,L,301,8,3
Y-Solowarm,Jenda Badman,in faucibus orci luctus et,L,258,9,1
Lotstring,Boony Duckworth,laoreet ut rhoncus aliquet pulvinar sed nisl nunc rhoncus,L,309,11,2
Transcof,Timothy Patey,bibendum felis sed interdum venenatis turpis,N,171,9,1
Flowdesk,Hewett Gleder,tellus nisi eu orci mauris lacinia sapien,N,251,13,2
Flowdesk,Onofredo Fleisch,ut suscipit a feugiat et,N,128,8,2
Fix San,Talbot Kenningham,nulla facilisi cras non velit nec nisi vulputate nonummy,L,280,8,4
Hatity,Alida Penylton,pellentesque viverra pede ac diam cras pellentesque volutpat,L,101,10,2
Tresom,Hedvig Ayllett,integer a nibh in quis justo,N,141,9,1
Overhold,Jarid Pelz,aenean lectus pellentesque eget nunc donec quis,N,196,12,3
Tin,Gauthier Reiglar,non quam nec dui luctus rutrum nulla tellus in sagittis,N,102,12,1
Matsoft,Cecilio Rubenovic,nisl nunc nisl duis bibendum felis sed interdum venenatis turpis,N,211,9,4
Stim,Davida Manuello,potenti nullam porttitor lacus at turpis donec posuere metus vitae,L,129,13,4
Konklab,Ira Shephard,in felis eu sapien cursus vestibulum proin eu mi nulla,N,117,11,1
Span,My Orvis,pede lobortis ligula sit amet eleifend,L,294,11,4
Zathin,Doug Patience,velit eu est congue elementum,N,137,8,1
Alphazap,Ferdinande Welman,mattis egestas metus aenean fermentum donec ut mauris,N,215,13,2
Sonsing,Darren Harrison,vitae ipsum aliquam non mauris morbi,L,157,9,1
Alpha,Gideon Bosden,quisque porta volutpat erat quisque erat eros,N,262,12,1
Cardify,Alissa O'Dea,vel augue vestibulum ante ipsum primis in,N,115,12,1
Toughjoyfax,Margarethe Loton,at turpis a pede posuere nonummy integer,L,249,11,3
Regrant,Huberto Cubbino,pede ac diam cras pellentesque,N,170,12,3
Sonair,April Dunlop,velit eu est congue elementum in,L,243,8,2
Wrapsafe,Bridie Hillen,duis ac nibh fusce lacus purus aliquet at,L,228,10,3
Regrant,Burl Beggio,velit eu est congue elementum in hac habitasse platea,L,209,12,4
Flexidy,Willyt Heyball,amet nulla quisque arcu libero rutrum ac lobortis vel dapibus,N,233,12,1
Sub-Ex,Alison Darrel,luctus et ultrices posuere cubilia curae duis faucibus,N,125,8,1
Veribet,Charlton Tummond,aliquam erat volutpat in congue etiam justo etiam,L,266,8,1
Bitwolf,Suzann Colls,cras non velit nec nisi vulputate nonummy,N,163,13,1
Toughjoyfax,Raimundo Kelby,blandit ultrices enim lorem ipsum dolor,N,224,10,2
Gembucket,Augie Iacovini,hendrerit at vulputate vitae nisl aenean lectus pellentesque eget nunc,L,144,9,1
Trippledex,Estella Rivelin,eget orci vehicula condimentum curabitur in libero,L,100,8,4
Regrant,Sloan Caslett,integer tincidunt ante vel ipsum praesent blandit lacinia,L,214,8,1
Alpha,Muhammad Lintall,fringilla rhoncus mauris enim leo,N,304,10,3
Prodder,Hanni Drawmer,aliquam erat volutpat in congue etiam justo etiam,L,211,10,1
Redhold,Adam Renfrew,ultrices mattis odio donec vitae nisi nam ultrices libero,N,278,13,3
Sonair,Job Dunbleton,a suscipit nulla elit ac nulla sed vel,L,217,12,2
Zamit,Griswold Shedden,in congue etiam justo etiam pretium iaculis justo in,L,275,8,4
Tempsoft,Marleen Begley,pulvinar lobortis est phasellus sit amet erat nulla tempus,N,293,10,2
Zaam-Dox,Mordecai Chevolleau,curae nulla dapibus dolor vel,N,272,9,2
Bamity,Michele Thornbarrow,bibendum imperdiet nullam orci pede venenatis non sodales sed tincidunt,L,148,9,4
Span,Cirilo Henrie,sapien in sapien iaculis congue vivamus,N,116,9,4
Sonsing,Gunilla Tash,at velit eu est congue elementum in hac,L,146,11,2
Zaam-Dox,Tabina Bewsey,pellentesque volutpat dui maecenas tristique est et tempus semper est,N,254,10,2
Bitwolf,Adelina Iacomi,eget rutrum at lorem integer tincidunt,L,304,11,2
Prodder,Shirley Troughton,viverra diam vitae quam suspendisse potenti nullam,L,239,13,4
Domainer,Ashlan Lage,nulla nisl nunc nisl duis bibendum felis sed interdum,N,297,10,3
Y-find,Almira Gooly,orci eget orci vehicula condimentum curabitur in libero ut massa,N,251,8,2
Opela,Etheline Wooding,iaculis justo in hac habitasse platea,N,179,8,3
Pannier,Dave Huzzay,primis in faucibus orci luctus,N,213,13,2
Zontrax,Nanete Nell,justo sollicitudin ut suscipit a feugiat et eros,N,185,13,4
Bitwolf,Giraldo Willoway,varius nulla facilisi cras non velit,N,292,11,2
Tin,Harrie Jacmard,amet eleifend pede libero quis orci,N,114,12,4
Lotstring,Gipsy Checkley,proin leo odio porttitor id consequat in consequat,N,215,9,3
Fix San,Cariotta Timblett,suscipit nulla elit ac nulla sed vel,L,118,12,4
Gembucket,Sibel Donan,pretium iaculis diam erat fermentum justo nec condimentum neque,L,179,13,1
Rank,Kathi Falconer-Taylor,ultrices enim lorem ipsum dolor sit amet consectetuer,L,291,9,4
Aerified,Ginelle Cator,porttitor lorem id ligula suspendisse,L,157,10,1
Job,Whitney O' Gara,turpis enim blandit mi in,N,196,9,2
Solarbreeze,Ollie Keedwell,est donec odio justo sollicitudin ut suscipit a feugiat et,N,132,13,2
Mat Lam Tam,Michael Ganiford,in faucibus orci luctus et ultrices,N,307,13,3
Alphazap,Herb Bowley,quisque id justo sit amet sapien dignissim vestibulum,L,131,9,4
Flowdesk,Elfie Lovelock,accumsan tellus nisi eu orci mauris,L,271,10,4
Domainer,Keen Adderley,vestibulum aliquet ultrices erat tortor sollicitudin mi sit amet lobortis,L,247,9,3
Cardguard,Cathee Ackery,est quam pharetra magna ac consequat metus,N,291,11,4
Transcof,Siobhan Halle,justo lacinia eget tincidunt eget tempus,L,185,8,4
Voyatouch,Kenyon Hallt,sapien arcu sed augue aliquam erat volutpat in congue,N,181,10,2
Cardify,Anderson Rubroe,lectus aliquam sit amet diam in magna bibendum imperdiet nullam,N,115,9,2
Tres-Zap,Manon Klessmann,amet sapien dignissim vestibulum vestibulum ante ipsum primis,L,216,8,4
Job,Mariya Pohlke,phasellus id sapien in sapien iaculis congue vivamus metus,N,256,9,3
Rank,Jayne Sighard,leo odio porttitor id consequat in consequat ut nulla,L,175,12,1
It,Melessa Coursor,posuere cubilia curae mauris viverra diam vitae quam suspendisse,N,111,12,3
Aerified,Winny Cushion,dolor quis odio consequat varius integer ac leo pellentesque,N,273,13,4
Biodex,Waly Van Brug,mauris viverra diam vitae quam suspendisse,N,123,13,4
Flowdesk,Valaree Roebuck,pellentesque volutpat dui maecenas tristique est et tempus semper,L,258,12,3
Toughjoyfax,Lila Kilduff,ligula sit amet eleifend pede,L,110,13,4
Sub-Ex,Freda Stonman,pretium iaculis diam erat fermentum,L,292,13,4
Keylex,Kristien MacTeague,sodales scelerisque mauris sit amet eros suspendisse accumsan tortor quis,N,121,12,2
Temp,Carny Slowley,tortor duis mattis egestas metus aenean fermentum donec,L,107,8,3
Tempsoft,Shannah Reace,in faucibus orci luctus et,L,167,10,2
Andalax,Katya Wescott,lacus at turpis donec posuere metus vitae,L,184,8,1
Kanlam,Dickie Pedwell,morbi quis tortor id nulla ultrices aliquet maecenas leo odio,L,302,10,1
Solarbreeze,Keefe Heasley,condimentum id luctus nec molestie sed justo pellentesque,L,292,11,3
Stringtough,Jacquelin Duffyn,id pretium iaculis diam erat,L,254,9,4
Vagram,Lynnea Corby,venenatis non sodales sed tincidunt eu felis fusce,L,261,12,3
Ronstring,Marybelle Skene,etiam justo etiam pretium iaculis justo in hac,N,175,13,4
Alpha,Karlotta Bestwick,pellentesque viverra pede ac diam cras pellentesque volutpat,N,147,13,4
Redhold,Beatrisa Oddie,morbi ut odio cras mi pede malesuada in imperdiet et,N,112,13,1
Temp,Jodi Lenox,pellentesque viverra pede ac diam cras pellentesque volutpat dui maecenas,L,172,9,3
Sonair,Shellysheldon Brisland,sed tincidunt eu felis fusce,L,146,8,3
Quo Lux,Skipp McKinnell,ridiculus mus etiam vel augue vestibulum rutrum rutrum,N,123,13,2
Cardify,Aldis Hubeaux,ipsum dolor sit amet consectetuer,N,202,9,2
Redhold,Mason Jeffels,risus dapibus augue vel accumsan tellus nisi eu,N,242,8,4
Flowdesk,Spike Gewer,lectus in est risus auctor sed tristique in tempus sit,L,162,12,4
Andalax,Isidoro Bax,proin interdum mauris non ligula pellentesque ultrices phasellus id,L,163,12,3
Zontrax,Osbert Schubart,hac habitasse platea dictumst maecenas,N,277,12,1
Latlux,Halli Benallack,lacus curabitur at ipsum ac tellus,N,296,10,1
Biodex,Arvy Izzat,lectus pellentesque at nulla suspendisse,N,214,10,2
Overhold,Patricio Pymm,in hac habitasse platea dictumst aliquam augue quam sollicitudin,N,205,10,1
Zamit,Anthiathia McJury,vivamus in felis eu sapien cursus vestibulum proin eu mi,N,161,13,4
Bitchip,Carolee Keavy,nulla justo aliquam quis turpis eget elit sodales,L,282,13,4
Flexidy,Norean Parsons,eu est congue elementum in hac habitasse platea dictumst,N,274,11,1
Bitchip,Shaun Khadir,penatibus et magnis dis parturient montes nascetur ridiculus mus,L,161,13,2
Tempsoft,Ruttger Leitche,ut volutpat sapien arcu sed augue aliquam erat,N,137,12,1
Latlux,Pauli Spirit,interdum mauris ullamcorper purus sit amet nulla quisque arcu,N,152,11,4
Bamity,Brucie Bowle,leo rhoncus sed vestibulum sit amet cursus id turpis,L,135,11,1
Konklab,Eba Quoit,suspendisse potenti cras in purus eu magna vulputate luctus cum,N,167,9,2
Konklab,Godfree Garrattley,turpis donec posuere metus vitae ipsum,L,253,8,1
Zathin,Renate Munning,platea dictumst etiam faucibus cursus urna ut tellus nulla ut,N,165,10,4
Sonair,Carny Gapper,ac nibh fusce lacus purus aliquet,N,175,8,4
Overhold,Kahlil Caras,sapien cum sociis natoque penatibus et magnis,N,149,9,4
Regrant,Lionel Dudek,dui nec nisi volutpat eleifend donec ut dolor,N,186,11,2
Treeflex,Blanca Wabey,ultrices phasellus id sapien in sapien iaculis,L,285,9,1
Toughjoyfax,Witty Frays,mattis odio donec vitae nisi,L,238,11,4
Konklux,Urbano Morefield,in hac habitasse platea dictumst,L,247,13,3
Trippledex,Sean Broz,nisl duis bibendum felis sed interdum venenatis turpis enim,L,266,8,3
Aerified,Becky Braddon,sed sagittis nam congue risus semper,L,107,12,1
Cookley,Minette Farrow,tempus sit amet sem fusce consequat,N,141,9,4
Duobam,Florance Schohier,integer ac leo pellentesque ultrices mattis odio donec vitae nisi,L,171,13,4
Cardify,Gaby Brayshay,in lacus curabitur at ipsum,N,251,12,1
Zathin,Rhys Igo,mattis nibh ligula nec sem duis aliquam convallis,L,112,13,1
Andalax,Jonie Rapsey,id mauris vulputate elementum nullam,N,159,12,3
Stringtough,Loretta Latchmore,morbi vel lectus in quam,N,139,11,3
Ventosanzap,Lory Jorg,nam congue risus semper porta volutpat quam pede,L,203,12,3
Konklux,Kerwin Divina,vestibulum quam sapien varius ut,N,165,10,3
Mat Lam Tam,Emelyne Sissland,in lacus curabitur at ipsum ac,N,288,9,4
Otcom,Crystie MacArte,sem praesent id massa id,N,138,10,3
Y-find,Cornelle Hestrop,nibh fusce lacus purus aliquet at feugiat non pretium quis,L,202,12,1
Zaam-Dox,Chevalier Caldaro,pede lobortis ligula sit amet,N,253,11,3
Alphazap,Amy Franc,nascetur ridiculus mus vivamus vestibulum sagittis sapien,N,137,9,4
Zamit,Swen Jumeau,sed nisl nunc rhoncus dui vel,N,128,9,2
Ronstring,Crissie Ferry,lectus suspendisse potenti in eleifend quam,N,212,13,2
Keylex,Sigismond Paraman,nulla tellus in sagittis dui vel nisl,L,239,8,4
Home Ing,Cecilia Spilsburie,lacus morbi quis tortor id nulla ultrices aliquet maecenas,N,274,13,2
Namfix,Evelin Stockoe,duis bibendum morbi non quam nec,L,204,9,4
Ventosanzap,Shepard Crallan,leo pellentesque ultrices mattis odio donec,L,304,11,1
Tin,Gui Chetham,et eros vestibulum ac est lacinia nisi,L,280,13,4
Pannier,Demeter Punton,porttitor id consequat in consequat ut nulla sed accumsan,L,154,11,1
Wrapsafe,Tim Garment,cras pellentesque volutpat dui maecenas tristique est,N,231,10,1
Sonsing,Darelle Claire,purus eu magna vulputate luctus cum sociis natoque penatibus,N,200,8,4
Biodex,Annadiane Skaif,pellentesque eget nunc donec quis orci eget orci vehicula,N,109,12,3
Ronstring,Shalna Cecchi,a nibh in quis justo maecenas rhoncus aliquam lacus morbi,N,160,8,2
Stringtough,Nananne Gardiner,nulla justo aliquam quis turpis eget elit sodales scelerisque,N,260,8,3
Fintone,Law McFayden,aliquam augue quam sollicitudin vitae consectetuer eget rutrum at lorem,L,255,10,2
Span,Adina Bunney,velit vivamus vel nulla eget eros elementum,N,289,8,3
Voyatouch,Kai Holdforth,ut odio cras mi pede malesuada in,L,163,9,3
Fixflex,Netta Huffy,morbi ut odio cras mi pede,N,117,11,2
Tresom,Kayle Diffley,lacus at velit vivamus vel nulla eget eros elementum,N,214,13,1
Solarbreeze,Adelheid MacCracken,tortor duis mattis egestas metus aenean fermentum donec ut mauris,N,246,8,1
Latlux,Orran Shitliffe,integer pede justo lacinia eget,L,138,12,2
Voltsillam,Zena Mordin,libero nam dui proin leo odio porttitor id consequat in,L,178,9,3
Stronghold,Maggie Donlon,varius integer ac leo pellentesque,L,213,10,3
Cardify,Harley Wasbey,non interdum in ante vestibulum ante ipsum primis in faucibus,N,174,12,2
Job,Patrizia Blanchet,arcu adipiscing molestie hendrerit at,N,190,11,2
Voltsillam,Laurella Beckford,ante ipsum primis in faucibus orci luctus et ultrices posuere,N,193,10,3
Temp,Mycah Cowser,enim in tempor turpis nec euismod scelerisque quam turpis,L,224,9,1
Span,Guillermo Lamputt,ac consequat metus sapien ut nunc vestibulum ante ipsum primis,N,241,8,3
Bitchip,Greta Dilliway,a pede posuere nonummy integer non velit donec diam,N,121,8,1
Sub-Ex,Jennifer Leivesley,vel lectus in quam fringilla rhoncus mauris,N,123,13,2
Tin,Madonna Paudin,semper interdum mauris ullamcorper purus sit amet nulla quisque,N,306,10,4
Cookley,Trude Collen,fusce lacus purus aliquet at feugiat non pretium quis lectus,N,112,9,2
Stronghold,Hobard Emby,nunc rhoncus dui vel sem,N,301,13,2
Temp,Archie Colebourne,pharetra magna vestibulum aliquet ultrices erat tortor sollicitudin,N,216,10,1
Fintone,Janeva Olenichev,lacus curabitur at ipsum ac tellus semper,L,219,9,3
Wrapsafe,Hayes Talby,justo eu massa donec dapibus duis at velit,N,193,9,4
Overhold,Boyd Francey,morbi vestibulum velit id pretium,N,285,9,3
Opela,Kalil Tarr,tristique est et tempus semper est quam pharetra,N,226,13,1
Tin,Jillana Butcher,in imperdiet et commodo vulputate justo in,N,141,13,1
Zamit,Graig Champerlen,condimentum neque sapien placerat ante nulla justo aliquam quis turpis,L,252,8,3
Duobam,Agace Connor,risus auctor sed tristique in tempus sit amet,L,113,8,3
Viva,Fraze Ruffli,at lorem integer tincidunt ante vel ipsum,N,271,10,4
Subin,Kirsten Dioniso,id sapien in sapien iaculis congue vivamus metus arcu,N,148,12,1
Rank,Madalena Vanichkin,enim in tempor turpis nec euismod scelerisque quam,N,222,12,2
Vagram,Benito Pyzer,a libero nam dui proin leo odio porttitor id consequat,L,165,10,4
Trippledex,Temple Lere,vel nulla eget eros elementum,L,144,8,2
Y-Solowarm,Weber Yatman,ipsum integer a nibh in quis justo maecenas rhoncus,L,106,9,3
Matsoft,Feodora Kick,ipsum dolor sit amet consectetuer adipiscing elit proin,N,269,8,1
Temp,Ashton Dashper,enim lorem ipsum dolor sit amet consectetuer,L,254,12,2
Fix San,Laura Gallelli,sit amet diam in magna bibendum imperdiet nullam orci,N,142,13,4
Veribet,Ronny Presnail,cras non velit nec nisi vulputate nonummy,L,263,12,1
Alphazap,Davidde Curro,imperdiet et commodo vulputate justo in blandit,N,113,13,2
Zathin,Yuma Pask,risus semper porta volutpat quam,L,284,12,4
Asoka,Lidia Mayzes,molestie nibh in lectus pellentesque at nulla suspendisse potenti cras,N,134,9,3
Flexidy,Storm Gaskamp,ante ipsum primis in faucibus,L,231,11,2
Bigtax,Lenora Pesak,scelerisque mauris sit amet eros suspendisse accumsan tortor quis,N,101,9,3
Wrapsafe,Gwen Gawkes,odio elementum eu interdum eu tincidunt in,N,259,12,4
Konklux,Darcy Yakubovics,felis fusce posuere felis sed lacus morbi,N,243,9,1
Cardguard,Lancelot Bennell,adipiscing elit proin risus praesent lectus vestibulum,L,134,10,2
Sonair,Dagmar Bambrugh,quam fringilla rhoncus mauris enim leo rhoncus sed vestibulum sit,N,289,10,2
Mat Lam Tam,Leyla Rustadge,donec semper sapien a libero,N,175,8,1
Stronghold,Annecorinne Cay,montes nascetur ridiculus mus vivamus vestibulum sagittis sapien,L,301,12,4
Opela,Penelope Whittall,ut volutpat sapien arcu sed augue,N,247,8,3
Mat Lam Tam,Edvard Proudlock,mauris ullamcorper purus sit amet,N,149,13,3
Tampflex,Jase Hugo,vel est donec odio justo sollicitudin,N,185,13,4
Y-find,Magda Dahlgren,odio justo sollicitudin ut suscipit a,N,166,11,2
Ventosanzap,Westleigh McDowall,in faucibus orci luctus et ultrices posuere cubilia,N,253,8,2
Prodder,Rhodia Gorghetto,tortor risus dapibus augue vel accumsan tellus nisi eu orci,N,236,9,2
Viva,Averell Reuble,ut massa quis augue luctus tincidunt nulla,N,228,10,1
Aerified,Mariska Collumbine,dolor sit amet consectetuer adipiscing elit proin interdum mauris,L,302,13,3
Flowdesk,Riordan Abbotson,sagittis nam congue risus semper porta volutpat quam pede,N,189,8,2
Bigtax,Dougy Dryden,erat volutpat in congue etiam justo etiam pretium iaculis justo,N,253,9,3
Hatity,Constantina Smedmoor,faucibus orci luctus et ultrices posuere cubilia curae,L,259,11,3
Alphazap,Rees De La Haye,pellentesque ultrices phasellus id sapien in sapien iaculis,N,198,12,4
Zathin,Lindsey Cuddehy,justo pellentesque viverra pede ac diam cras pellentesque volutpat dui,N,179,11,1
Holdlamis,Niel Biddell,ut tellus nulla ut erat id mauris vulputate elementum,N,278,10,3
Y-find,Ingeborg McGeffen,nunc purus phasellus in felis donec semper,L,233,10,3
Bamity,Johnny Chapleo,interdum mauris ullamcorper purus sit,L,276,11,3
Kanlam,Janis Dasent,vitae nisi nam ultrices libero,L,302,13,1
Konklux,Phyllida Butten,tempus vivamus in felis eu sapien cursus vestibulum proin eu,L,243,11,4
Bitwolf,Royall Parchment,vulputate vitae nisl aenean lectus pellentesque,N,270,11,2
Fintone,Madonna Walne,volutpat in congue etiam justo etiam pretium,N,170,9,4
Flexidy,Chastity Lehr,congue diam id ornare imperdiet sapien urna pretium nisl,L,310,13,1
Fintone,Gregoor Owain,mattis nibh ligula nec sem,L,247,12,2
Lotlux,Thane Cowey,eget eleifend luctus ultricies eu nibh quisque id,N,108,8,4
Lotlux,Barbabas Cheng,donec dapibus duis at velit eu est,L,215,11,2
Bytecard,Christie Jonuzi,condimentum id luctus nec molestie sed,L,136,13,2
Matsoft,Abbe Grave,justo sit amet sapien dignissim,N,163,10,2
Treeflex,Freeland Huntingford,faucibus orci luctus et ultrices posuere cubilia curae duis,N,161,11,4
Greenlam,Honoria Bouzek,habitasse platea dictumst maecenas ut massa quis,N,280,9,3
Veribet,Marianna Klehyn,nunc vestibulum ante ipsum primis in,L,131,10,4
Opela,Myrlene Veltman,habitasse platea dictumst morbi vestibulum velit id pretium,L,301,11,1
Solarbreeze,Kristoforo Novotne,viverra dapibus nulla suscipit ligula in lacus curabitur,N,113,13,2
Alpha,Queenie Rexworthy,porttitor lacus at turpis donec posuere metus vitae,N,234,13,3
Zontrax,Herculie Mc Comb,vivamus in felis eu sapien cursus vestibulum proin,N,262,12,3
Flexidy,Cassondra Oret,integer tincidunt ante vel ipsum praesent blandit lacinia erat vestibulum,N,119,12,1
Tin,Desmund Doornbos,dapibus dolor vel est donec odio justo sollicitudin,N,261,10,4
Quo Lux,Gwendolen Soughton,amet nulla quisque arcu libero rutrum ac lobortis vel,N,256,10,2
Subin,Herb Laycock,pulvinar sed nisl nunc rhoncus dui vel sem sed,N,227,9,4
Quo Lux,Marcelle Beeby,facilisi cras non velit nec nisi vulputate nonummy maecenas tincidunt,N,285,9,3
Cardify,Nari Mathelin,felis sed lacus morbi sem mauris laoreet ut,N,290,12,2
Lotlux,Ryan Hebner,fermentum donec ut mauris eget massa,N,142,8,3
Veribet,Bengt Brotherhed,eget eleifend luctus ultricies eu nibh quisque id,L,112,9,4
Lotstring,Jaquelin Juanes,morbi porttitor lorem id ligula suspendisse ornare consequat lectus,N,183,10,3
Keylex,Gene Raywood,sollicitudin ut suscipit a feugiat et eros vestibulum ac,L,201,9,3
Biodex,Monah Morville,interdum in ante vestibulum ante ipsum primis,N,284,10,1
Tin,Kelley Marmyon,quisque ut erat curabitur gravida,N,269,13,4
Andalax,Mozelle Mathen,eget vulputate ut ultrices vel augue vestibulum ante,N,292,12,3
Vagram,Carola Jerger,enim blandit mi in porttitor pede,L,250,8,4
Zaam-Dox,Lorena Beecraft,integer pede justo lacinia eget tincidunt eget tempus vel,N,220,10,3
Tempsoft,Devlen Rappport,ante vel ipsum praesent blandit lacinia erat vestibulum sed magna,L,109,13,3
Andalax,Sallyanne Stammers,metus vitae ipsum aliquam non mauris,L,102,11,2
Alphazap,Maxim Jannasch,elementum in hac habitasse platea dictumst morbi vestibulum velit,L,115,9,3
Flowdesk,Barnaby de Courcy,aliquet at feugiat non pretium quis lectus suspendisse potenti,L,237,8,3
Fixflex,Kareem Tapping,platea dictumst etiam faucibus cursus urna ut tellus,N,124,9,1
It,Natal Leggis,justo in blandit ultrices enim lorem ipsum dolor sit amet,L,191,11,4
Pannier,Noah Fernandes,pede ullamcorper augue a suscipit nulla elit ac nulla,L,260,9,4
Gembucket,Ricardo Caney,platea dictumst aliquam augue quam sollicitudin vitae,N,155,10,4
Quo Lux,Marijn Murdoch,enim lorem ipsum dolor sit amet consectetuer adipiscing elit proin,N,183,9,4
Zathin,Fredericka McKevitt,nibh in quis justo maecenas,L,278,9,1
Flowdesk,Edsel Pegden,curabitur convallis duis consequat dui nec nisi,L,295,10,3
Fintone,Meryl Davidovici,in eleifend quam a odio in hac habitasse platea dictumst,L,120,11,3
Sonair,Brocky Mease,amet lobortis sapien sapien non mi integer ac,L,298,10,1
Zathin,Reiko Indruch,erat volutpat in congue etiam justo,N,116,10,2
Job,Stacy Eddisforth,diam neque vestibulum eget vulputate ut ultrices vel,L,127,13,3
Veribet,Maison Wensley,justo eu massa donec dapibus,L,117,9,2
Gembucket,Vannie Rablan,quam a odio in hac habitasse,N,260,11,1
Lotstring,Brita Lynthal,turpis integer aliquet massa id lobortis convallis tortor,L,286,11,2
Gembucket,Eustacia Fulbrook,adipiscing elit proin risus praesent,L,142,9,2
Wrapsafe,Viv Kundt,sem fusce consequat nulla nisl,N,156,12,4
Zathin,Zia Guilford,cursus vestibulum proin eu mi nulla ac enim in,N,249,11,2
Alpha,Germayne Denmead,integer tincidunt ante vel ipsum praesent blandit,N,227,11,2
Span,Zack Reightley,vulputate vitae nisl aenean lectus pellentesque,L,100,9,3
Zathin,Alyssa Nelm,curae donec pharetra magna vestibulum,L,191,8,4
Redhold,Krissy Nice,potenti nullam porttitor lacus at turpis donec,N,309,12,4
Kanlam,Wilie Linney,est et tempus semper est quam pharetra magna ac consequat,L,253,12,2
Cardify,Pasquale McCallam,nisl duis bibendum felis sed interdum venenatis turpis enim blandit,L,174,9,1
Duobam,Nicol Necrews,id ligula suspendisse ornare consequat lectus in,N,151,13,2
Cookley,Janith Meak,ultrices phasellus id sapien in sapien iaculis congue vivamus metus,N,246,9,2
Bigtax,Rahal Tomanek,lectus aliquam sit amet diam in magna bibendum imperdiet,N,138,12,4
Regrant,Malynda Dursley,adipiscing elit proin interdum mauris,L,289,12,1
Stronghold,Berti Yea,id ligula suspendisse ornare consequat lectus in est,N,118,12,2
Opela,Stanwood Mattys,ipsum praesent blandit lacinia erat vestibulum sed magna at,N,257,12,1
Ronstring,Nealy Toomer,id pretium iaculis diam erat,L,193,9,4
Quo Lux,Christiane Kernar,vestibulum ac est lacinia nisi venenatis,L,160,9,1
Y-find,Lesly Hexter,dictumst aliquam augue quam sollicitudin vitae consectetuer eget rutrum,N,301,9,1
Biodex,Petey McWard,tortor duis mattis egestas metus,L,206,8,1
Viva,Itch Jinkinson,in hac habitasse platea dictumst etiam,N,193,11,2
Quo Lux,Shari Raccio,habitasse platea dictumst morbi vestibulum,L,183,9,1
Daltfresh,Susi McCusker,ut suscipit a feugiat et eros vestibulum ac,N,134,12,4
Voltsillam,Shaine Allbut,tellus in sagittis dui vel nisl,N,303,12,4
Redhold,Biddie Blanket,consequat ut nulla sed accumsan felis ut at dolor,N,263,13,3
Cardify,Myrtle Delph,felis eu sapien cursus vestibulum proin eu mi nulla ac,N,275,12,1
Vagram,Stormi Fitzjohn,elementum eu interdum eu tincidunt in leo maecenas,L,176,8,1
Keylex,Orren Bristowe,quis orci nullam molestie nibh in,N,309,10,2
Cookley,Korella Francklyn,curae donec pharetra magna vestibulum aliquet ultrices erat,N,208,12,4
Lotstring,Sid Casazza,venenatis lacinia aenean sit amet justo morbi,N,202,9,4
Prodder,Gasper Minchi,nulla quisque arcu libero rutrum ac,N,239,10,4
Cookley,Jerri Pakenham,metus arcu adipiscing molestie hendrerit at vulputate,L,110,12,2
Solarbreeze,Pru Domenichini,ut erat id mauris vulputate elementum,N,121,10,1
Bitwolf,Editha Lamb-shine,bibendum imperdiet nullam orci pede,L,302,10,1
Sub-Ex,Esme Dillaway,rutrum rutrum neque aenean auctor gravida sem praesent id,N,220,9,3
Prodder,Brantley Daber,tristique fusce congue diam id ornare,L,203,10,1
Overhold,Gretna Christophe,nullam sit amet turpis elementum ligula vehicula consequat morbi a,N,202,9,1
Job,Madelene Marquet,vitae quam suspendisse potenti nullam porttitor lacus,N,165,9,4
Andalax,Stormy Theodore,non interdum in ante vestibulum ante ipsum,L,167,11,4
Transcof,Hermy Penning,at turpis a pede posuere nonummy integer non velit,L,151,8,4
Flowdesk,Brendis Harmon,sapien urna pretium nisl ut volutpat sapien arcu,N,137,13,3
Mat Lam Tam,Raddy Harlett,lacus at turpis donec posuere metus vitae,N,129,13,3
Gembucket,Rhodie Andreaccio,parturient montes nascetur ridiculus mus vivamus vestibulum,L,269,12,4
Zathin,Ab Cavet,quis turpis eget elit sodales scelerisque mauris sit amet eros,N,114,11,2
Bytecard,Darb Massenhove,purus aliquet at feugiat non pretium quis lectus suspendisse,N,150,13,3
Fix San,Mame Conigsby,libero convallis eget eleifend luctus ultricies eu nibh,N,158,9,3
Stronghold,Elke Nairne,dolor sit amet consectetuer adipiscing elit proin interdum mauris,N,208,13,4
Voltsillam,Novelia Rizzelli,quis libero nullam sit amet turpis elementum,L,107,11,1
Wrapsafe,Bernadina Stainfield,fusce posuere felis sed lacus morbi sem mauris,N,124,10,1
Fixflex,Suzanna Thrasher,quis tortor id nulla ultrices aliquet maecenas leo,N,132,11,2
Hatity,Denna Quickenden,blandit non interdum in ante vestibulum ante ipsum,L,305,12,3
Alpha,Edith Mendonca,consequat in consequat ut nulla sed,L,159,11,4
Konklux,Pebrook Grasha,imperdiet sapien urna pretium nisl ut volutpat sapien arcu,N,193,9,4
Kanlam,Flossie Dowthwaite,consequat lectus in est risus auctor sed tristique in tempus,L,153,8,4
Sub-Ex,Jean Drinkeld,venenatis lacinia aenean sit amet justo morbi ut odio,L,185,9,3
Duobam,Claudius Cowling,leo odio condimentum id luctus nec molestie sed justo,N,165,13,2
Pannier,Chickie Stoodley,vitae quam suspendisse potenti nullam porttitor,N,256,12,4
Zontrax,Alric Elnor,cras non velit nec nisi vulputate nonummy maecenas tincidunt,L,239,11,4
Treeflex,Donielle Wegener,vehicula condimentum curabitur in libero ut massa volutpat,N,304,11,2
Andalax,Peg Martinovic,nec euismod scelerisque quam turpis adipiscing lorem,L,219,13,3
Gembucket,Billi Beswick,quam a odio in hac habitasse platea dictumst maecenas ut,L,116,9,1
Redhold,Consalve Pougher,erat fermentum justo nec condimentum neque sapien placerat,N,157,9,2
Domainer,Melinda Hallows,auctor sed tristique in tempus sit,N,310,11,2
Cardify,Courtenay Goodboddy,ipsum primis in faucibus orci luctus,L,234,11,2
Wrapsafe,Max Gabits,turpis integer aliquet massa id lobortis convallis tortor risus dapibus,N,305,8,4
Bitwolf,Jere Weedenburg,faucibus orci luctus et ultrices posuere,N,255,11,1
Bitchip,Diane-marie MacPaden,pellentesque viverra pede ac diam cras,L,155,12,3
Cardguard,Roxy Willerton,odio donec vitae nisi nam ultrices libero non mattis pulvinar,L,220,13,4
Temp,Terza Bednell,ultrices posuere cubilia curae duis faucibus accumsan odio curabitur,N,202,10,4
Bamity,Layne Medcalfe,dictumst morbi vestibulum velit id pretium iaculis,N,182,8,4
Gembucket,Darrelle Tucknutt,tortor sollicitudin mi sit amet lobortis,N,158,11,1
Flowdesk,Niko Mulberry,nibh in lectus pellentesque at nulla suspendisse potenti cras,L,289,10,4
Mat Lam Tam,Saul Antowski,turpis nec euismod scelerisque quam turpis,L,168,12,4
Treeflex,Addia Samworth,tristique fusce congue diam id ornare imperdiet sapien urna pretium,L,240,12,4
Alphazap,Ulrich Dacca,massa volutpat convallis morbi odio odio elementum eu interdum,N,137,12,3
Home Ing,Emelda Midlar,posuere nonummy integer non velit,N,177,10,2
Aerified,Graham Frensch,eu felis fusce posuere felis sed lacus morbi,N,205,11,3
Regrant,Micki McCorkindale,leo pellentesque ultrices mattis odio donec vitae nisi,N,183,13,2
Asoka,Bernie Foxon,mattis pulvinar nulla pede ullamcorper augue a,L,148,10,3
Veribet,Pietro Jiggins,leo rhoncus sed vestibulum sit amet,L,188,13,1
Y-Solowarm,Colline Chill,nulla justo aliquam quis turpis eget elit sodales scelerisque mauris,N,123,13,3
Mat Lam Tam,Emmaline Ivashin,sit amet eros suspendisse accumsan tortor quis turpis sed,N,156,12,1
Job,Sophi Ringe,auctor sed tristique in tempus sit amet sem,L,176,9,4
Zoolab,Gardner Files,justo pellentesque viverra pede ac diam,N,156,13,2
Bitwolf,Marshall Vedikhov,fermentum donec ut mauris eget massa,L,166,13,3
Zaam-Dox,Aldin Emmins,tortor id nulla ultrices aliquet maecenas leo odio condimentum id,L,148,8,3
Veribet,Merridie Lilie,praesent id massa id nisl venenatis lacinia aenean sit amet,L,257,11,3
Konklab,Giffard Layman,pretium nisl ut volutpat sapien arcu sed augue aliquam,N,195,11,4
Tempsoft,Dulci Fosdike,orci luctus et ultrices posuere cubilia curae,N,152,11,4
Cookley,Shelley Kersting,rutrum rutrum neque aenean auctor gravida sem praesent,L,248,13,1
Pannier,Roselle Eykelbosch,mi integer ac neque duis bibendum,L,130,8,3
It,Pernell Vassel,lectus aliquam sit amet diam in magna bibendum imperdiet nullam,L,178,13,1
Namfix,Prudence Croser,in purus eu magna vulputate luctus cum sociis,N,225,11,1
Span,Lexy Brumen,id ornare imperdiet sapien urna pretium nisl,N,293,8,2
Prodder,Reed O'Lenechan,libero nullam sit amet turpis elementum ligula vehicula,N,303,10,3
Y-Solowarm,Camey Coenraets,metus arcu adipiscing molestie hendrerit at,L,304,11,4
Y-find,Reynold Findon,sit amet turpis elementum ligula vehicula consequat morbi,N,134,13,4
Bitchip,Florence Sprowles,diam neque vestibulum eget vulputate,N,136,9,1
Konklab,Desiri Bevens,tempus semper est quam pharetra magna ac consequat metus sapien,N,175,10,3
Ronstring,Stinky Wringe,elementum eu interdum eu tincidunt in leo maecenas pulvinar lobortis,N,113,13,1
Stringtough,Bee Cheston,nulla integer pede justo lacinia eget tincidunt,N,175,10,4
Veribet,Sianna Prigmore,mi in porttitor pede justo eu,N,175,9,3
Gembucket,Kev Baseke,posuere cubilia curae nulla dapibus dolor,N,156,11,4
Duobam,Myrtice Bushel,cubilia curae mauris viverra diam vitae quam,N,182,10,3
Tresom,Demetria Gallihaulk,eros elementum pellentesque quisque porta volutpat erat quisque,L,230,11,4
Holdlamis,Eleonora Seldner,id ligula suspendisse ornare consequat,L,113,12,3
Cardify,Hoebart Girardoni,odio justo sollicitudin ut suscipit a feugiat et eros,N,224,11,4
Zamit,Jyoti Shay,semper sapien a libero nam dui proin leo odio porttitor,L,172,13,4
Otcom,Olga Churchill,venenatis lacinia aenean sit amet justo morbi ut odio,N,273,8,1
Cookley,Braden Stenners,platea dictumst etiam faucibus cursus,L,251,12,2
Sonair,Jacob Hemerijk,felis eu sapien cursus vestibulum,L,265,10,1
Regrant,Lishe Geard,in lacus curabitur at ipsum ac tellus semper interdum mauris,L,260,12,2
Temp,Ilene Garralts,vestibulum ante ipsum primis in,L,267,9,4
Zaam-Dox,Chere Chatelet,in lacus curabitur at ipsum ac tellus semper,N,179,8,4
Domainer,Lyon Wogden,in faucibus orci luctus et ultrices posuere cubilia curae mauris,N,190,8,3
Konklux,Debi Lang,odio elementum eu interdum eu tincidunt in,N,304,12,3
Viva,Joanie Shropshire,tellus nisi eu orci mauris lacinia sapien,L,139,8,3
Voltsillam,Malissa Cutchie,vivamus tortor duis mattis egestas,L,190,8,1
Duobam,Rhody Grass,eget eros elementum pellentesque quisque porta volutpat erat,L,197,13,4
Cardguard,Edwina Lamerton,quam nec dui luctus rutrum nulla tellus in,N,128,10,2
Bitchip,Alfredo Arkill,libero quis orci nullam molestie,L,296,8,3
Stim,Uta Pearman,libero convallis eget eleifend luctus ultricies eu nibh quisque id,L,262,11,1
Stringtough,Garrik Mahoney,proin eu mi nulla ac enim in tempor turpis,L,301,11,3
Pannier,Marina Harber,sed tincidunt eu felis fusce,N,204,11,3
Ventosanzap,Sigfrid Cammocke,aenean auctor gravida sem praesent id,L,132,10,4
Bamity,Rollie Neenan,nullam varius nulla facilisi cras,N,126,9,3
Greenlam,Gale Gohn,turpis elementum ligula vehicula consequat morbi a ipsum integer,L,145,8,2
Konklux,Priscilla Doldon,vestibulum proin eu mi nulla ac enim in tempor turpis,L,252,12,2
Job,Herb Reims,eleifend quam a odio in hac,N,141,8,3
Hatity,Julia Renachowski,velit vivamus vel nulla eget eros elementum pellentesque quisque,N,138,9,2
Zaam-Dox,Felicdad Darwood,sed nisl nunc rhoncus dui vel sem sed,L,136,9,4
Hatity,Tasha Tuting,sollicitudin ut suscipit a feugiat et eros vestibulum,N,218,12,3
Bamity,Dorelia Muldownie,volutpat convallis morbi odio odio elementum eu interdum,L,299,12,2
Toughjoyfax,Ashley Birkmyre,pulvinar sed nisl nunc rhoncus dui vel sem sed sagittis,N,182,11,3
Sonair,Doralynn Emney,magnis dis parturient montes nascetur ridiculus mus vivamus,L,161,10,3
Voltsillam,Meade Grinstead,amet cursus id turpis integer,L,167,13,4
Home Ing,Cinnamon McGettrick,pede ullamcorper augue a suscipit nulla elit ac nulla,L,226,13,3
Solarbreeze,Urbano Cromblehome,faucibus orci luctus et ultrices posuere cubilia,L,105,10,4
Sub-Ex,Rad Lochran,tincidunt lacus at velit vivamus vel nulla eget,N,100,11,2
Span,Neely Whiteley,ipsum integer a nibh in quis justo maecenas rhoncus aliquam,N,199,13,2
Tres-Zap,Papageno Dreamer,lectus vestibulum quam sapien varius ut,N,125,12,3
Quo Lux,Beatriz Cuss,tortor quis turpis sed ante vivamus tortor duis mattis,L,277,8,1
Kanlam,George Cocker,nunc commodo placerat praesent blandit,N,211,11,2
Konklux,Pip Alekseicik,ac neque duis bibendum morbi non quam nec dui,L,199,13,3
Cookley,Antonie Ply,varius ut blandit non interdum in ante vestibulum ante ipsum,L,249,10,1
Otcom,Tammara Batman,velit id pretium iaculis diam erat fermentum justo nec condimentum,N,173,9,4
Span,Billie Davidsen,id luctus nec molestie sed,N,121,9,4
Konklab,Davidde Bonsey,pharetra magna vestibulum aliquet ultrices erat tortor sollicitudin,L,234,11,2
Trippledex,Bertie MacNalley,nonummy maecenas tincidunt lacus at velit vivamus vel,N,117,13,4
Redhold,Daron Henzer,vivamus tortor duis mattis egestas metus,L,213,13,2
Fixflex,Ulysses Fiddiman,dolor vel est donec odio justo sollicitudin,L,127,12,3
Sonair,Wilona Haslock,posuere cubilia curae duis faucibus accumsan odio,N,207,11,1
Trippledex,Delmar Donaghy,non mattis pulvinar nulla pede,N,179,12,4
Trippledex,Asia Ouchterlony,augue quam sollicitudin vitae consectetuer,N,253,8,4
Bamity,Eilis Traice,ultrices enim lorem ipsum dolor,N,193,11,4
Tin,Lexine Hallbird,leo rhoncus sed vestibulum sit amet cursus id turpis integer,L,111,11,3
Veribet,Harv Boreland,a feugiat et eros vestibulum ac est lacinia,N,152,11,4
Rank,Ruby Latek,odio odio elementum eu interdum eu tincidunt in,N,278,9,2
Cardguard,Antoine Bucke,semper est quam pharetra magna ac consequat,N,266,13,1
Latlux,Ferne Sterry,sit amet sapien dignissim vestibulum vestibulum ante,N,273,8,4
Alphazap,Kristina Dudding,convallis morbi odio odio elementum eu interdum eu,L,305,13,1
Cardguard,Hildegaard Tunno,posuere cubilia curae duis faucibus accumsan odio curabitur convallis duis,L,240,8,3
Zaam-Dox,Shannan Whawell,amet sapien dignissim vestibulum vestibulum,N,272,8,2
Andalax,Calhoun Edge,id nulla ultrices aliquet maecenas leo odio condimentum id luctus,L,120,12,4
Alphazap,Ryley Allaway,in imperdiet et commodo vulputate justo in blandit ultrices enim,L,251,13,1
Solarbreeze,Frederica Mayne,morbi vel lectus in quam fringilla,N,168,8,1
Zoolab,Maje Dauney,hac habitasse platea dictumst etiam faucibus,N,294,13,2
Tres-Zap,Hillary Pellamonuten,tortor id nulla ultrices aliquet maecenas leo odio condimentum,N,209,9,1
Ventosanzap,Lezlie Prebble,nullam varius nulla facilisi cras non velit nec nisi,N,209,11,3
Cardify,Ingaberg Pennone,sem mauris laoreet ut rhoncus aliquet,L,238,9,3
Tres-Zap,Garvin Jerred,orci mauris lacinia sapien quis libero nullam sit amet,N,207,8,4
Voltsillam,Lib Ivetts,montes nascetur ridiculus mus etiam vel augue vestibulum,L,268,12,3
Quo Lux,Zsa zsa Gilhool,vel pede morbi porttitor lorem id ligula,N,150,9,2
Solarbreeze,Neill Postles,pulvinar sed nisl nunc rhoncus dui vel sem sed sagittis,L,242,10,1
Cookley,Devy McNea,morbi porttitor lorem id ligula suspendisse ornare consequat,N,265,12,1
Solarbreeze,Andie Ladloe,libero nam dui proin leo odio porttitor id consequat,L,214,8,4
Zoolab,Verene Lynn,nulla tempus vivamus in felis,L,107,10,2
Sonair,Gabi Gasnell,tempor turpis nec euismod scelerisque quam turpis,N,283,12,4
Ronstring,Lisette Keepin,ligula pellentesque ultrices phasellus id sapien in sapien iaculis,N,101,13,1
Stim,Ulysses Seaton,auctor sed tristique in tempus sit,N,273,8,4
Zaam-Dox,Garland Bugge,sodales sed tincidunt eu felis fusce,N,171,10,3
Zathin,Ali Gergler,at diam nam tristique tortor eu pede,N,207,8,1
Toughjoyfax,Cristie Soar,lorem ipsum dolor sit amet consectetuer adipiscing,L,222,11,3
Bytecard,Hillary Berriman,congue elementum in hac habitasse platea dictumst morbi,L,192,12,2
Fixflex,Jinny MacCosty,lacus at turpis donec posuere metus vitae ipsum aliquam non,L,166,11,1
Transcof,Gorden Haughey,in blandit ultrices enim lorem ipsum dolor,N,150,11,4
Greenlam,Kristien Riggert,lacus at turpis donec posuere metus vitae,L,235,10,3
Y-find,Georgianna Boumphrey,sem duis aliquam convallis nunc proin at turpis a,L,182,12,1
Tempsoft,Englebert Geck,morbi vestibulum velit id pretium iaculis diam erat,N,175,12,4
Redhold,Vanna Sandeman,in tempor turpis nec euismod scelerisque,N,212,8,2
Greenlam,Shermy Spaduzza,et tempus semper est quam pharetra magna,L,143,12,3
Mat Lam Tam,Morse Janes,cursus id turpis integer aliquet massa,L,116,8,3
Job,Akim Ormrod,ipsum integer a nibh in quis,L,218,13,3
Transcof,Berke Petyankin,odio justo sollicitudin ut suscipit a feugiat et eros,L,170,13,1
Ventosanzap,Travers Gull,volutpat in congue etiam justo etiam pretium iaculis justo in,N,247,11,4
Matsoft,Ronalda Biever,tortor risus dapibus augue vel accumsan,N,300,9,1
Stronghold,Rustie Rallings,pretium nisl ut volutpat sapien,L,302,12,1
Ronstring,Asa Marians,in ante vestibulum ante ipsum primis in faucibus orci luctus,L,154,8,1
Tres-Zap,Coletta Eastbrook,luctus cum sociis natoque penatibus et magnis dis parturient,L,106,12,2
Alphazap,Philippine Isgate,sit amet erat nulla tempus vivamus in felis eu sapien,N,247,13,2
Tampflex,Meta Gedling,libero nullam sit amet turpis elementum,L,101,10,2
Stronghold,Ira Ferns,non sodales sed tincidunt eu felis fusce posuere,L,289,8,4
Asoka,Charleen Fattorini,venenatis tristique fusce congue diam id,L,115,11,3
Tin,Prisca Grombridge,metus arcu adipiscing molestie hendrerit at,L,229,8,1
Flowdesk,Leeann Muff,suspendisse accumsan tortor quis turpis,N,195,8,4
Kanlam,Neel Sollas,adipiscing molestie hendrerit at vulputate vitae nisl aenean lectus,L,220,13,2
Zathin,Lynnea Licciardi,morbi ut odio cras mi pede,N,209,8,3
Home Ing,Cody Evetts,vel lectus in quam fringilla rhoncus mauris enim,L,164,9,4
Toughjoyfax,Barbra Tomasini,pede malesuada in imperdiet et commodo vulputate justo in,L,188,10,1
Zontrax,Dannel Neggrini,lorem ipsum dolor sit amet consectetuer,N,191,8,4
Asoka,Keir Hulbert,molestie sed justo pellentesque viverra pede,L,139,9,3
Duobam,Olav Woodfine,est donec odio justo sollicitudin ut suscipit a feugiat,N,224,13,3
Zathin,Tabbatha Geaney,erat tortor sollicitudin mi sit amet lobortis sapien sapien non,L,139,11,3
Span,Geralda Seed,at diam nam tristique tortor eu pede,L,182,12,3
Solarbreeze,Madelina Maffy,lacus at turpis donec posuere metus vitae ipsum aliquam non,L,112,8,4
Pannier,Sharlene Fackney,dui maecenas tristique est et tempus semper est,L,133,8,3
Fix San,Alejandro Moine,non mauris morbi non lectus,L,236,11,4
Fintone,Ella Durdan,praesent lectus vestibulum quam sapien varius ut blandit,L,103,13,2
Voyatouch,Janek Kruszelnicki,elit sodales scelerisque mauris sit amet,L,273,12,3
Tin,Jacinta Stouther,tellus nulla ut erat id,N,308,11,2
Zamit,Rikki Swancock,leo odio porttitor id consequat in consequat ut nulla,L,155,10,2
Andalax,Noni Charte,ac est lacinia nisi venenatis tristique fusce,L,121,11,3
Sub-Ex,Farleigh Strivens,morbi a ipsum integer a nibh in quis justo maecenas,L,292,11,1
Prodder,Ileane MacKinnon,curabitur gravida nisi at nibh,N,216,11,3
Duobam,Constancia Grealish,quam a odio in hac habitasse platea dictumst maecenas,L,185,12,2
Daltfresh,Vyky Heinsen,sed tristique in tempus sit amet sem,N,242,13,2
Prodder,Spencer Huntington,sed augue aliquam erat volutpat in congue etiam justo etiam,N,187,13,1
Quo Lux,Claudina Birts,quam turpis adipiscing lorem vitae mattis nibh ligula nec,N,112,8,3
Namfix,Shaun Minker,consectetuer adipiscing elit proin risus praesent lectus,N,215,9,4
Sonair,Jeanine Rogan,nec molestie sed justo pellentesque viverra,N,183,9,3
Bitwolf,Susann Broadwell,vestibulum ante ipsum primis in faucibus,N,272,10,2
Mat Lam Tam,Marysa Leavy,consequat varius integer ac leo,N,253,10,2
Voltsillam,Shanie Bunstone,at velit eu est congue elementum in hac habitasse platea,L,113,13,2
Aerified,Vitoria Scougall,ipsum primis in faucibus orci luctus et ultrices,N,298,8,4
Latlux,Rosabelle Shawyers,aenean lectus pellentesque eget nunc donec quis orci eget,L,242,10,2
Zathin,Livia Melburg,placerat praesent blandit nam nulla integer pede justo lacinia,L,234,11,2
Bamity,Kacey Wreight,ac lobortis vel dapibus at diam nam tristique tortor,N,127,13,4
Holdlamis,Barbabas Etherson,volutpat quam pede lobortis ligula sit amet eleifend,N,197,8,3
Voltsillam,Rebecka Brittoner,curae mauris viverra diam vitae quam suspendisse potenti nullam,N,121,10,1
Andalax,Kirby Ledgard,ut mauris eget massa tempor convallis,L,249,8,2
Toughjoyfax,Nadeen Pech,condimentum curabitur in libero ut massa volutpat,L,299,10,1
Alpha,Dorette Wilkenson,orci luctus et ultrices posuere cubilia curae nulla,N,289,10,1
Andalax,North Samwaye,ante ipsum primis in faucibus orci luctus et,L,133,11,2
Bigtax,Keane Spray,lectus aliquam sit amet diam,N,163,10,2
Transcof,Dulce Kirvell,potenti in eleifend quam a odio in hac habitasse,L,124,9,2
Wrapsafe,Frederick Mokes,proin leo odio porttitor id,L,173,13,3
Fintone,Cookie Paulig,ante ipsum primis in faucibus orci luctus et ultrices posuere,L,285,11,4
Span,Farrel Agius,at turpis donec posuere metus vitae ipsum aliquam,N,274,12,3
Alpha,Robin Capp,tempor turpis nec euismod scelerisque quam turpis adipiscing lorem vitae,N,104,8,4
Alphazap,Valentine Collingridge,tempor convallis nulla neque libero convallis eget eleifend luctus ultricies,L,244,11,3
Hatity,Sue Wolstencroft,vestibulum ac est lacinia nisi venenatis tristique fusce,N,197,8,1
Bitwolf,Fredi Enright,dapibus duis at velit eu est congue elementum,L,236,9,3
Namfix,Halsey Aronowicz,augue aliquam erat volutpat in congue,N,250,13,3
Bytecard,Emera Brazenor,non mi integer ac neque,N,155,10,2
Zoolab,Robinette Metzing,dui vel nisl duis ac nibh,L,222,10,2
Tempsoft,Chad Grishinov,id mauris vulputate elementum nullam,L,185,9,2
Mat Lam Tam,Padgett Burdekin,sed lacus morbi sem mauris laoreet ut rhoncus aliquet pulvinar,L,197,8,4
Bigtax,Cecile McElwee,in quam fringilla rhoncus mauris enim leo rhoncus sed,L,258,11,1
It,Camila Toll,phasellus in felis donec semper sapien a,N,162,8,1
Viva,Lexis Skirlin,ligula sit amet eleifend pede libero quis orci nullam molestie,N,109,12,3
Rank,Leonanie Youngs,non lectus aliquam sit amet diam,N,229,11,3
Pannier,Inesita Belfield,tincidunt nulla mollis molestie lorem,L,112,8,1
Y-Solowarm,Marna Harcombe,justo in blandit ultrices enim,N,107,11,1
Bigtax,Keslie McCuffie,eu tincidunt in leo maecenas pulvinar lobortis,L,225,11,2
Wrapsafe,Cherri Sharpe,phasellus sit amet erat nulla tempus,N,197,9,1
Matsoft,Nicko Bedboro,erat eros viverra eget congue eget semper,L,200,11,1
Vagram,Tobias Sharplin,laoreet ut rhoncus aliquet pulvinar,L,108,10,2
Andalax,Alix Brewitt,parturient montes nascetur ridiculus mus vivamus vestibulum sagittis sapien cum,L,289,10,4
Bitchip,Westley Worthington,ridiculus mus vivamus vestibulum sagittis sapien cum sociis natoque,L,129,9,3
Regrant,Bryce Greep,libero quis orci nullam molestie nibh in lectus pellentesque at,N,294,10,1
Tampflex,Dorey Eliyahu,at nunc commodo placerat praesent blandit nam nulla,L,243,10,2
Stronghold,Katusha Di Francecshi,et commodo vulputate justo in blandit ultrices enim lorem ipsum,L,247,8,3
Duobam,Milt Ploughwright,pellentesque ultrices phasellus id sapien in,L,298,10,4
Keylex,Petr Hastwell,scelerisque mauris sit amet eros,L,156,9,3
Tampflex,Leigha Tomovic,odio elementum eu interdum eu tincidunt,N,184,9,3
Treeflex,Mick Kayne,at nulla suspendisse potenti cras in purus eu,L,261,10,2
Duobam,Aime Letts,vestibulum rutrum rutrum neque aenean auctor gravida sem praesent,N,167,11,1
Wrapsafe,Ann Bretelle,aliquam non mauris morbi non,L,124,10,1
Wrapsafe,Lynne Zmitruk,phasellus id sapien in sapien,L,279,9,1
Zaam-Dox,Garnet Areles,magna at nunc commodo placerat praesent,L,298,8,1
Alphazap,Ced Findon,et tempus semper est quam pharetra,L,150,10,1
Matsoft,Jaquelyn Father,aliquam quis turpis eget elit sodales scelerisque mauris sit amet,L,270,13,1
Alpha,Christiane Robjant,magnis dis parturient montes nascetur ridiculus mus,N,106,13,4
Temp,Janaye Mumbey,non interdum in ante vestibulum ante ipsum,N,304,8,4
Domainer,Charis Senton,molestie nibh in lectus pellentesque at nulla suspendisse potenti,L,154,10,3
Vagram,Shalne Innocent,potenti cras in purus eu magna,L,140,13,2
Wrapsafe,Vanya Morratt,integer a nibh in quis justo maecenas rhoncus aliquam lacus,N,303,11,1
Wrapsafe,Hakeem Ricarde,vestibulum aliquet ultrices erat tortor sollicitudin,N,233,9,3
Tresom,Karl Toseland,in sagittis dui vel nisl duis,L,224,13,2
Konklux,Electra Bausor,nulla neque libero convallis eget eleifend luctus ultricies eu nibh,L,136,9,1
Overhold,Lorita Stanwix,massa volutpat convallis morbi odio,N,156,10,1
Sub-Ex,Artur Attreed,consequat morbi a ipsum integer a nibh in quis,N,184,10,2
Bytecard,Ainslee Ede,risus praesent lectus vestibulum quam sapien,L,265,9,1
Holdlamis,Mayne O'Concannon,vulputate vitae nisl aenean lectus,N,305,9,2
Solarbreeze,Shandeigh Chaters,curae duis faucibus accumsan odio curabitur convallis duis consequat,L,170,9,1
Stringtough,Audie Pardey,in purus eu magna vulputate luctus cum sociis natoque,L,257,13,3
Zathin,Dulcy Curedale,vel augue vestibulum ante ipsum,L,186,10,3
Holdlamis,Mada Strowger,posuere felis sed lacus morbi sem mauris laoreet ut rhoncus,L,291,11,2
Alphazap,Jana Pember,non pretium quis lectus suspendisse potenti in eleifend quam a,L,257,12,2
Lotlux,Evin MacCall,eget massa tempor convallis nulla neque libero convallis eget eleifend,L,261,11,3
Viva,Ignaz Verty,at nulla suspendisse potenti cras in purus,N,209,13,2
Lotlux,Bertha Haskur,donec ut mauris eget massa tempor convallis nulla neque libero,L,301,8,3
Tresom,Hersh Coleford,vivamus vel nulla eget eros elementum pellentesque quisque,N,250,13,2
Pannier,Terrie Sanchis,eget orci vehicula condimentum curabitur in,L,143,12,1
Voltsillam,Philippa Hannigan,non lectus aliquam sit amet,N,139,11,4
Voltsillam,Hendrik Peyzer,rhoncus mauris enim leo rhoncus sed vestibulum,L,285,8,4
Latlux,Lottie Civitillo,nec molestie sed justo pellentesque viverra pede ac,L,115,9,4
Cookley,Sascha Ambrose,luctus cum sociis natoque penatibus,N,192,10,2
Job,Aguistin Willatts,sapien non mi integer ac neque duis bibendum,L,113,10,3
Rank,Chicky Upward,vivamus in felis eu sapien cursus vestibulum proin eu mi,N,234,13,4
Konklab,Miquela Phillpot,nec nisi vulputate nonummy maecenas tincidunt,L,132,12,1
Rank,Devland Troctor,dictumst morbi vestibulum velit id pretium iaculis,L,309,10,3
Flowdesk,Gabriel Pietruszka,parturient montes nascetur ridiculus mus etiam vel augue vestibulum rutrum,N,130,11,1
Span,Tabb Whartonby,in sapien iaculis congue vivamus,N,286,8,4
Y-Solowarm,Carry Avramovitz,ligula sit amet eleifend pede libero,N,244,12,3
Aerified,Arlen Rizon,vestibulum ante ipsum primis in faucibus,L,243,13,1
Fintone,Filia Witherington,proin eu mi nulla ac,N,278,8,4
Viva,Hadley Goosnell,pretium quis lectus suspendisse potenti in eleifend,N,195,9,3
Wrapsafe,Bat Haney,vitae nisi nam ultrices libero non,L,292,9,4
Trippledex,Rebekkah Newburn,nec dui luctus rutrum nulla,N,289,9,1
Redhold,Lenci Conn,feugiat et eros vestibulum ac,N,149,9,1
Bitwolf,Sholom Fitzgerald,duis bibendum morbi non quam nec,L,295,10,3
Pannier,Basile Feldmann,in magna bibendum imperdiet nullam orci pede venenatis non,L,101,12,1
Tin,Alleyn Petrelli,morbi porttitor lorem id ligula,N,259,10,3
Trippledex,Agna Mansour,eleifend luctus ultricies eu nibh quisque id justo sit amet,N,232,8,2
Tresom,Tandie Fratson,nisi nam ultrices libero non mattis pulvinar nulla pede ullamcorper,N,228,11,2
Redhold,Charisse Huntar,varius ut blandit non interdum,N,220,11,4
Zontrax,Sabina Walter,eu mi nulla ac enim in tempor turpis nec euismod,L,206,12,1
Namfix,Jordon Jeschner,elit proin risus praesent lectus vestibulum quam sapien varius,N,183,9,4
Opela,Silvan Josselsohn,rhoncus aliquet pulvinar sed nisl nunc rhoncus dui vel,L,309,9,3
Zontrax,Gabriela Engelbrecht,in hac habitasse platea dictumst morbi vestibulum velit id,L,244,12,4
Namfix,Francois Packe,suspendisse potenti nullam porttitor lacus,L,169,13,3
Job,Carline Evenett,purus sit amet nulla quisque arcu libero rutrum ac,N,255,12,1
Kanlam,Cad Heck,metus aenean fermentum donec ut mauris eget,N,206,13,2
Overhold,Lilla Khilkov,augue a suscipit nulla elit ac nulla sed,N,141,8,3
Biodex,Gabriele Thaim,libero ut massa volutpat convallis morbi odio odio elementum eu,N,172,13,4
Y-find,Guglielmo Brownlie,a feugiat et eros vestibulum ac est lacinia nisi venenatis,L,143,10,3
Bitwolf,Darlleen De Few,sapien cum sociis natoque penatibus et magnis dis parturient montes,L,225,10,3
Otcom,Whitney Mollitt,leo pellentesque ultrices mattis odio donec vitae nisi nam,N,180,11,2
Alphazap,Jocelin Gregh,viverra diam vitae quam suspendisse potenti nullam porttitor,N,116,8,4
Gembucket,Vern Windley,dolor morbi vel lectus in quam fringilla rhoncus mauris,L,306,10,3
Otcom,Mellicent Bravington,justo lacinia eget tincidunt eget tempus vel pede,N,172,13,1
Bytecard,Kiele Etherington,libero nam dui proin leo odio porttitor id consequat,L,115,9,3
Flowdesk,Lolly Drache,nam congue risus semper porta volutpat quam pede lobortis ligula,L,114,10,4
Fixflex,Mychal Gerauld,maecenas ut massa quis augue luctus tincidunt nulla mollis,N,172,9,2
Domainer,Ilario Elstow,neque sapien placerat ante nulla,N,215,8,2
Duobam,Uta Gwatkin,posuere cubilia curae donec pharetra magna vestibulum,L,221,12,1
Lotlux,Johnathon Grimes,at nibh in hac habitasse platea dictumst aliquam augue,L,157,13,1
Rank,Nowell Abberley,tellus nulla ut erat id,L,153,12,3
Span,Averill Hardwidge,curabitur in libero ut massa volutpat convallis morbi,L,107,13,2
Cookley,Zelig Bly,vulputate ut ultrices vel augue vestibulum,L,187,8,1
Span,Freddie Cuell,id nulla ultrices aliquet maecenas leo odio condimentum id luctus,L,132,10,1
Subin,Maggie Trickey,sapien varius ut blandit non,N,297,11,3
Holdlamis,Curcio Guillford,potenti in eleifend quam a odio in hac habitasse platea,N,295,12,3
Bitchip,Cindy Gregon,amet erat nulla tempus vivamus in felis eu sapien,L,261,10,2
Bitwolf,Quinn Farfalameev,turpis donec posuere metus vitae ipsum aliquam non mauris morbi,L,231,9,3
Hatity,Sissy Wheway,egestas metus aenean fermentum donec ut mauris eget,N,234,11,4
Stim,Hadrian Gusticke,ut erat id mauris vulputate elementum nullam varius,L,212,11,3
Daltfresh,Emalee Caplin,nulla quisque arcu libero rutrum ac lobortis vel dapibus,L,154,12,4
Tresom,Dallis Ryce,quam a odio in hac habitasse platea dictumst maecenas,N,218,8,2
Flowdesk,Wain Angelini,est congue elementum in hac habitasse platea dictumst morbi,L,219,8,2
Stringtough,Byrann Kuhndel,non pretium quis lectus suspendisse potenti in,L,269,10,1
Daltfresh,Julius Brailey,sed nisl nunc rhoncus dui vel,L,251,12,4
Holdlamis,Isaac Skoate,nibh fusce lacus purus aliquet,L,252,8,4
Vagram,Charlean Vanderson,tortor duis mattis egestas metus aenean fermentum donec,L,218,11,2
Voyatouch,Reynard MacFaul,sed sagittis nam congue risus semper,N,117,12,3
Zaam-Dox,Kassi Manlow,ante ipsum primis in faucibus orci,L,146,10,1
Stim,Husain Snawden,ac enim in tempor turpis nec,N,284,13,2
Regrant,Ram Maguire,nam ultrices libero non mattis pulvinar nulla pede,L,304,8,2
Prodder,Joey Yurinov,vulputate nonummy maecenas tincidunt lacus at velit vivamus vel,N,285,12,2
Biodex,Tadeo McNae,nulla pede ullamcorper augue a suscipit nulla elit ac,L,102,8,3
Gembucket,Wendel Gaspero,donec odio justo sollicitudin ut suscipit a,L,201,8,4
Aerified,Kirbee Skudder,mattis nibh ligula nec sem duis aliquam convallis nunc,L,121,9,2
Lotlux,Chaddy Jovic,in faucibus orci luctus et ultrices posuere cubilia curae,N,187,12,3
Lotstring,Constantine Pedlingham,accumsan tortor quis turpis sed ante vivamus tortor duis,N,113,12,3
Zathin,Sergeant McAlister,leo odio condimentum id luctus nec molestie sed justo,N,279,9,3
Lotlux,Prince Tees,duis faucibus accumsan odio curabitur convallis duis consequat dui,L,272,13,4
Alphazap,Onofredo Pavlovic,ut erat id mauris vulputate elementum nullam varius nulla,N,303,8,4
Fintone,Earvin Burley,etiam justo etiam pretium iaculis justo in hac habitasse,N,120,12,2
Bamity,Myrtie Nagle,fringilla rhoncus mauris enim leo rhoncus,L,177,8,3
Bitwolf,Rickard Roscamps,rutrum ac lobortis vel dapibus at,L,237,12,1
Sub-Ex,Sande Dugald,purus phasellus in felis donec semper,L,138,13,4
Stim,Thorsten Plevin,tortor duis mattis egestas metus aenean,L,199,8,2
Y-find,Hugues Harmer,ultrices aliquet maecenas leo odio condimentum id luctus nec,L,187,10,3
Job,Harcourt Hallock,sit amet sem fusce consequat nulla nisl nunc nisl,L,156,8,2
Voyatouch,Porty Dearnaley,cubilia curae nulla dapibus dolor vel est donec odio,N,303,10,2
Fintone,Sharleen Chittem,potenti nullam porttitor lacus at turpis donec posuere metus,L,109,13,3
Konklab,Othella Kemmish,mi in porttitor pede justo eu massa,N,178,12,2
Zoolab,Jobey Pache,ac nibh fusce lacus purus aliquet at,L,138,8,3
Flexidy,Ollie Maasze,cubilia curae nulla dapibus dolor vel est donec odio,L,275,8,4
Flexidy,Shannah Keyson,cubilia curae mauris viverra diam vitae quam,L,121,12,1
Andalax,Tildi Triebner,magna at nunc commodo placerat praesent blandit nam nulla integer,L,120,9,3
Keylex,Araldo Hamerton,donec diam neque vestibulum eget vulputate ut ultrices vel augue,N,279,8,4
Solarbreeze,Dexter Peploe,sagittis sapien cum sociis natoque penatibus,L,230,8,3
Sonsing,Eduino Hackford,risus dapibus augue vel accumsan tellus nisi eu orci,N,135,12,1
Bitwolf,Garwin Leblanc,nulla nunc purus phasellus in felis donec semper,L,254,12,4
Zontrax,Araldo MacCallester,ultrices erat tortor sollicitudin mi sit amet lobortis,N,218,10,4
Mat Lam Tam,Perice Eilles,hac habitasse platea dictumst aliquam augue quam,L,207,11,1
Lotstring,Stacie Baitson,non sodales sed tincidunt eu,L,129,13,2
Trippledex,Tessi Qualtrough,ultrices posuere cubilia curae duis,L,232,13,4
Latlux,Darby Edlyne,magnis dis parturient montes nascetur ridiculus mus etiam vel augue,L,147,13,4
Toughjoyfax,Ben Davydzenko,congue risus semper porta volutpat quam pede lobortis,L,149,11,3
Konklab,Kailey Dietsche,tortor quis turpis sed ante vivamus tortor duis,L,108,9,3
Cardify,Nikolai Scrine,eu magna vulputate luctus cum,L,132,9,4
Sonsing,Lion Whiten,ultrices posuere cubilia curae donec pharetra,L,224,10,2
Cookley,Elston Fleis,vestibulum quam sapien varius ut blandit non interdum in,L,228,9,4
Bitwolf,Marnie Menear,lectus pellentesque eget nunc donec quis orci eget orci,N,192,13,2
Home Ing,Aryn Cahan,faucibus orci luctus et ultrices posuere,L,148,9,3
Matsoft,Ky Olwen,sagittis nam congue risus semper porta volutpat quam pede,N,195,8,3
Latlux,Bail Giacaponi,non mi integer ac neque duis bibendum morbi,N,252,8,1
Duobam,Verina Putnam,augue vel accumsan tellus nisi eu orci mauris lacinia,N,234,10,3
Bitchip,Rubin Rollins,at nulla suspendisse potenti cras,L,160,8,1
Asoka,Deeanne Linning,ligula pellentesque ultrices phasellus id sapien,L,296,8,3
Gembucket,Mireille Kenna,blandit nam nulla integer pede justo lacinia eget,L,125,8,2
Daltfresh,Melessa Antognoni,fusce lacus purus aliquet at feugiat non pretium quis lectus,L,227,11,2
Sonsing,Clayton Castagnet,pellentesque viverra pede ac diam cras pellentesque,N,139,11,4
Asoka,Shena D'Hooge,felis sed lacus morbi sem mauris laoreet ut rhoncus aliquet,L,186,8,1
Vagram,Lock Lemmens,nam nulla integer pede justo lacinia eget,L,157,9,4
Tres-Zap,Harland Shepley,etiam pretium iaculis justo in hac habitasse platea dictumst,L,215,9,1
Voltsillam,Leah Dyka,donec posuere metus vitae ipsum,N,245,11,1
Subin,Dylan Durran,turpis sed ante vivamus tortor duis,L,221,10,3
Sub-Ex,Gaelan Radley,interdum mauris ullamcorper purus sit amet nulla quisque arcu,N,285,8,2
Zamit,Alejandrina Victor,augue aliquam erat volutpat in congue etiam justo etiam,N,255,13,2
Zoolab,Tymon Aitken,id nulla ultrices aliquet maecenas leo,N,210,13,3
Stronghold,Beverie Jamieson,tincidunt lacus at velit vivamus vel,N,137,8,4
Wrapsafe,Leola Twinbrow,ante ipsum primis in faucibus orci,N,161,9,2
Redhold,Hillie Raftery,aenean sit amet justo morbi ut odio cras mi,N,145,9,3
Bitwolf,Correna Refford,luctus tincidunt nulla mollis molestie lorem quisque ut,N,165,12,1
Pannier,Loutitia Craft,sed vestibulum sit amet cursus id turpis integer aliquet massa,L,235,9,4
Veribet,Brose Ganley,placerat ante nulla justo aliquam quis turpis eget elit,L,184,11,2
Home Ing,Patricia Darkott,quis libero nullam sit amet,N,285,10,1
Prodder,Mirabelle Semrad,sem fusce consequat nulla nisl nunc nisl duis bibendum,L,252,11,2
Solarbreeze,Crawford Scrancher,dolor sit amet consectetuer adipiscing elit proin risus praesent lectus,L,267,8,2
Opela,Patricia Cleator,dictumst etiam faucibus cursus urna ut tellus,L,202,8,3
Span,Wang Perks,in tempor turpis nec euismod scelerisque quam turpis adipiscing,N,172,8,3
Temp,Ruthie Rousel,ac neque duis bibendum morbi non quam nec dui luctus,L,187,8,2
Solarbreeze,Kennan Jado,scelerisque mauris sit amet eros suspendisse accumsan tortor quis,L,186,8,4
Hatity,Stevie Stoffer,magna bibendum imperdiet nullam orci,N,109,8,1
Pannier,Gordon Cheeld,tempus vel pede morbi porttitor,N,195,9,4
Flowdesk,Mary Gaul,sollicitudin ut suscipit a feugiat et eros vestibulum ac,L,264,12,2
Y-find,Skippie Selvester,felis eu sapien cursus vestibulum proin,L,293,12,1
Bitchip,Roanna Hynard,metus arcu adipiscing molestie hendrerit,N,147,12,3
Zoolab,Rodrick Tootal,erat nulla tempus vivamus in felis eu sapien,L,105,12,4
Stringtough,Abigale Hayworth,convallis nulla neque libero convallis,N,209,12,1
Toughjoyfax,Dianne Ohlsen,lacus morbi sem mauris laoreet ut rhoncus,N,206,9,3
Cookley,Lavinie Aleixo,venenatis tristique fusce congue diam id ornare imperdiet,L,166,12,3
Hatity,Brianne Kornes,iaculis justo in hac habitasse,L,224,13,3
Daltfresh,Pyotr Hansod,duis mattis egestas metus aenean,L,137,9,3
Solarbreeze,Arch Fenelow,integer tincidunt ante vel ipsum praesent blandit,N,288,8,2
Veribet,Mort Billings,tincidunt nulla mollis molestie lorem quisque ut erat,L,178,9,1
Zoolab,Nedi Alejandri,ut suscipit a feugiat et eros vestibulum,L,282,13,3
Stim,Linnet Whitington,luctus et ultrices posuere cubilia curae duis faucibus,L,238,12,1
Zontrax,Reeta Scarce,eget elit sodales scelerisque mauris sit amet,N,205,12,1
Bigtax,Francine Izat,turpis sed ante vivamus tortor duis mattis egestas metus,L,224,8,3
Zontrax,Bay Meekin,vitae mattis nibh ligula nec sem,N,257,13,3
Toughjoyfax,Garrik Jasiak,orci luctus et ultrices posuere cubilia curae mauris viverra,N,206,8,1
Bitwolf,Seymour Merry,metus arcu adipiscing molestie hendrerit at vulputate vitae nisl,N,284,10,2
Transcof,Valaree Andrusov,vitae ipsum aliquam non mauris morbi non lectus,L,146,12,3
Zoolab,Bartram Vequaud,ligula sit amet eleifend pede,L,237,10,4
Subin,Janeen Roberto,eget tempus vel pede morbi porttitor lorem id,N,296,8,2
Daltfresh,Leola Yakunchikov,natoque penatibus et magnis dis,L,265,12,1
Viva,Fransisco Searl,volutpat erat quisque erat eros viverra eget,N,152,13,1
Prodder,Loralyn Banisch,nulla dapibus dolor vel est donec odio justo,L,155,8,3
Tresom,Nev Baine,vulputate ut ultrices vel augue vestibulum ante,L,134,13,2
Prodder,Reiko Lezemere,amet nulla quisque arcu libero rutrum ac lobortis vel,L,228,13,2
Aerified,Haley Lambis,sapien placerat ante nulla justo aliquam quis turpis eget,L,170,12,1
Cardify,Ardra Alwin,ultrices erat tortor sollicitudin mi sit amet lobortis sapien sapien,L,115,12,3
Span,Lorette Conboy,in magna bibendum imperdiet nullam orci pede venenatis,L,151,13,1
Tampflex,Olivero Abell,aenean fermentum donec ut mauris eget massa tempor convallis,L,117,12,2
Bamity,Langsdon Place,in porttitor pede justo eu massa donec dapibus duis,N,175,8,3
Andalax,Saxe Poli,mauris laoreet ut rhoncus aliquet,L,223,9,3
Biodex,Mabel Daouze,maecenas pulvinar lobortis est phasellus sit amet erat nulla tempus,N,100,10,3
Trippledex,Robin Manhood,curae donec pharetra magna vestibulum aliquet ultrices erat tortor sollicitudin,L,212,8,2
Tres-Zap,Rivalee Doughartie,neque sapien placerat ante nulla justo aliquam,L,180,9,3
Bitchip,Tersina Stokell,luctus cum sociis natoque penatibus et magnis dis,N,126,12,3
Gembucket,Karly Daugherty,nullam molestie nibh in lectus,N,294,11,3
Flexidy,Sammie Scoble,dictumst aliquam augue quam sollicitudin vitae,N,116,9,1
Tin,Mendie McDermot,montes nascetur ridiculus mus vivamus vestibulum sagittis,N,249,13,1
Cardify,Omar Drieu,lectus in quam fringilla rhoncus mauris enim,L,259,11,1
Span,Scotty Messitt,integer ac neque duis bibendum morbi non quam,N,213,8,1
Cardguard,Cristiano Carman,maecenas tristique est et tempus semper,N,177,10,2
Transcof,Chrisy Dykas,turpis integer aliquet massa id lobortis,N,214,13,3
Solarbreeze,Marianne MacFayden,rutrum at lorem integer tincidunt ante,L,242,13,3
Toughjoyfax,Vallie Borkett,interdum eu tincidunt in leo maecenas,N,172,11,2
Regrant,Randell Shortan,etiam faucibus cursus urna ut tellus nulla ut,L,110,13,2
Sonair,Andonis Fratson,etiam vel augue vestibulum rutrum,N,235,8,3
Fixflex,Kasey Rehme,varius nulla facilisi cras non velit nec nisi vulputate nonummy,N,152,8,4
Alpha,Beatrisa Coggell,tempor turpis nec euismod scelerisque quam,N,161,8,2
Bigtax,Gabby Tournay,convallis eget eleifend luctus ultricies eu nibh quisque id justo,L,213,12,2
Alpha,Ricki Stormes,nulla facilisi cras non velit nec nisi vulputate nonummy maecenas,N,162,9,1
Bamity,Dari MacCart,odio odio elementum eu interdum eu tincidunt,L,196,9,2
Namfix,Ester Tumioto,justo in blandit ultrices enim lorem,L,278,9,3
It,Auguste Mallindine,tempus vivamus in felis eu sapien cursus vestibulum,L,167,9,4
Bytecard,Rahal Amberson,tincidunt in leo maecenas pulvinar lobortis est phasellus sit,N,120,11,2
Stim,Nixie Cramp,ipsum aliquam non mauris morbi non lectus,N,239,10,3
Ventosanzap,Cam Deshorts,nonummy maecenas tincidunt lacus at velit vivamus,L,179,9,2
Keylex,Shirley Dunnan,nisl nunc nisl duis bibendum felis sed interdum venenatis turpis,L,187,9,3
Viva,Dynah Fortun,lacinia nisi venenatis tristique fusce congue diam id,N,191,10,3
Flowdesk,Jamill Duny,lobortis est phasellus sit amet erat nulla tempus vivamus,N,285,12,1
Zontrax,Mabelle Whitters,nonummy integer non velit donec diam neque vestibulum eget,L,243,11,1
Lotlux,Bari Gilogly,consectetuer adipiscing elit proin interdum mauris non ligula pellentesque ultrices,N,226,10,1
Stim,Constancy Beedom,sapien urna pretium nisl ut volutpat sapien arcu,N,184,9,2
Zaam-Dox,Vonnie Chinn,vel augue vestibulum ante ipsum primis,L,105,12,1
Tresom,Alonso Stredder,pulvinar sed nisl nunc rhoncus dui vel,N,110,11,1
Ronstring,Shayla Cox,ac enim in tempor turpis nec euismod scelerisque,N,243,8,4
Stronghold,Elsbeth Harrell,mauris eget massa tempor convallis nulla neque libero convallis,N,245,13,1
Flowdesk,Karole Floodgate,metus sapien ut nunc vestibulum ante ipsum primis in,N,126,13,3
Pannier,Curtice Offen,dapibus nulla suscipit ligula in lacus curabitur at,L,170,11,1
Otcom,Jacky Etter,ullamcorper purus sit amet nulla quisque arcu,L,144,9,4
Span,Claudie Vatcher,dictumst etiam faucibus cursus urna ut tellus nulla ut erat,L,227,11,1
Namfix,Jed Dearell,nam congue risus semper porta,L,203,10,1
Mat Lam Tam,Maud Archbald,eget eleifend luctus ultricies eu nibh quisque id justo,N,119,8,3
Quo Lux,Rod Mardlin,dignissim vestibulum vestibulum ante ipsum primis in,N,234,12,4
Holdlamis,Jule Ovett,imperdiet nullam orci pede venenatis non sodales sed tincidunt,L,267,13,2
Viva,Ruttger Gammons,ante vivamus tortor duis mattis egestas metus aenean fermentum,N,290,10,4
Flexidy,Verla Spillard,mauris vulputate elementum nullam varius nulla,N,166,9,4
Quo Lux,Zitella Van Saltsberg,mi sit amet lobortis sapien sapien non,L,149,10,1
Wrapsafe,Banky Ferencz,sapien varius ut blandit non interdum in ante vestibulum ante,L,163,9,4
Opela,Truman Pusill,suspendisse potenti cras in purus eu magna vulputate,N,272,12,4
Alpha,Masha Jollands,quisque id justo sit amet sapien,L,268,13,4
Bitchip,Rubin Redborn,feugiat non pretium quis lectus suspendisse potenti in,N,232,13,3
Domainer,Esta Collumbell,posuere felis sed lacus morbi sem mauris,L,142,12,2
Regrant,Marv De la Feld,eget elit sodales scelerisque mauris sit amet eros,L,149,13,3
Sub-Ex,Maurie Rushman,proin leo odio porttitor id consequat in consequat,N,251,9,4
Span,Amalie Rome,curae nulla dapibus dolor vel est donec,L,286,12,4
Fix San,Agathe Barday,penatibus et magnis dis parturient,N,301,11,2
Zathin,Elinor Whitham,dis parturient montes nascetur ridiculus mus vivamus vestibulum,L,112,11,1
Latlux,Deb Markushkin,ut blandit non interdum in,N,306,13,1
Veribet,Jobi Driuzzi,volutpat quam pede lobortis ligula,L,256,8,3
Latlux,Bernadina Gofton,non velit donec diam neque vestibulum eget vulputate ut,L,163,10,3
Overhold,Filbert Issacof,morbi odio odio elementum eu,L,129,10,3
Flowdesk,Dalston Kollaschek,turpis integer aliquet massa id lobortis convallis tortor risus,L,106,12,3
Namfix,Mallorie Lantry,risus dapibus augue vel accumsan,L,243,11,3
Domainer,Andy Drain,ut volutpat sapien arcu sed augue aliquam erat volutpat,N,111,9,1
Cardify,Tami Wehnerr,vitae consectetuer eget rutrum at lorem integer tincidunt,N,178,12,2
Pannier,Wiatt Danneil,amet nulla quisque arcu libero rutrum,N,180,11,4
Gembucket,Bernadette Dysart,a suscipit nulla elit ac,N,240,10,4
Stringtough,Innis Heiden,non mi integer ac neque duis bibendum,N,166,11,3
Lotstring,Babette Vel,in porttitor pede justo eu massa donec dapibus duis,N,212,13,3
Ronstring,Byrann Oswald,proin leo odio porttitor id,N,243,10,3
Cardify,Amata Jakov,nullam sit amet turpis elementum ligula,L,303,8,1
Redhold,Arlan Whyman,elit proin interdum mauris non ligula,N,284,9,3
Vagram,Marnie Parfett,blandit ultrices enim lorem ipsum dolor sit amet consectetuer adipiscing,N,155,8,4
Sub-Ex,Mayor Ruston,mauris vulputate elementum nullam varius nulla facilisi,N,305,10,2
Regrant,Bettye Klain,cubilia curae nulla dapibus dolor vel est donec odio,N,195,9,1
Viva,Alfie Schwandt,faucibus accumsan odio curabitur convallis duis,L,163,11,1
Stronghold,Kelcie Coultish,in hac habitasse platea dictumst maecenas ut massa,L,161,11,2
Subin,Melany Choulerton,id justo sit amet sapien dignissim,N,112,13,2
Tresom,Virge Kliemchen,proin at turpis a pede posuere,L,281,13,4
Zontrax,Fernanda Kinkaid,aliquam convallis nunc proin at turpis a,L,296,9,2
Solarbreeze,Russell Ramshaw,id luctus nec molestie sed justo pellentesque,L,132,8,3
Vagram,Teresa Bowker,quisque erat eros viverra eget congue,N,300,10,4
Viva,Martelle Kedge,et commodo vulputate justo in blandit ultrices,N,260,12,3
Tin,Lanita Snel,lorem ipsum dolor sit amet consectetuer,N,232,10,4
Namfix,Florina Janodet,felis eu sapien cursus vestibulum proin,N,194,11,2
Alphazap,Ettore de Marco,morbi porttitor lorem id ligula suspendisse ornare,N,250,8,1
